id,price
3917,5.0
1885,0.0
1305,3.0
19328,1.0
16511,2.0
9998,5.0
19072,4.0
16947,4.0
10530,2.0
296,3.0
15096,2.0
6040,2.0
8223,1.0
17600,3.0
19869,5.0
19269,5.0
10975,5.0
5639,3.0
19529,2.0
10679,3.0
14694,-0.0
8793,4.0
5721,5.0
16265,3.0
93,2.0
3278,3.0
884,-0.0
11280,-0.0
21235,4.0
6313,1.0
16460,3.0
5630,1.0
21189,2.0
7256,0.0
16220,5.0
18414,3.0
19613,3.0
218,2.0
22370,1.0
22336,1.0
7055,1.0
11322,1.0
2865,4.0
4750,4.0
4277,4.0
5612,0.0
20989,4.0
20943,1.0
12386,-0.0
14334,5.0
13225,4.0
2745,4.0
8738,5.0
6414,1.0
9668,3.0
9031,1.0
6656,1.0
10786,3.0
21549,0.0
22349,2.0
6420,-0.0
1947,5.0
736,2.0
19630,5.0
12051,1.0
5477,-0.0
12645,4.0
15109,4.0
10532,5.0
8220,1.0
2,1.0
11044,4.0
7295,1.0
10885,3.0
16796,4.0
1797,0.0
10634,2.0
10407,3.0
21735,5.0
2778,3.0
194,2.0
7804,0.0
13530,0.0
22415,1.0
20085,0.0
294,1.0
11794,2.0
5122,2.0
10704,1.0
16859,5.0
14362,1.0
12641,1.0
1896,4.0
11109,1.0
21815,5.0
4037,4.0
21022,3.0
7049,2.0
11097,5.0
2850,5.0
15606,0.0
14704,4.0
4372,3.0
21477,3.0
5097,4.0
5643,-0.0
13255,3.0
15411,3.0
1895,-0.0
16267,2.0
6614,4.0
2121,3.0
17397,3.0
5847,3.0
15086,3.0
2091,1.0
7072,4.0
21176,3.0
4779,0.0
7447,5.0
10305,3.0
16551,2.0
22239,4.0
11519,4.0
20378,3.0
17492,1.0
4201,3.0
5603,-0.0
5941,0.0
12785,0.0
319,4.0
8428,1.0
17824,1.0
20384,3.0
10343,2.0
20603,3.0
1731,3.0
16696,3.0
12763,4.0
15235,3.0
8423,4.0
18959,5.0
8854,3.0
6700,1.0
4720,0.0
1073,5.0
13019,-0.0
16330,5.0
22225,1.0
18079,3.0
17070,1.0
56,2.0
10584,5.0
5773,4.0
3321,1.0
22057,0.0
3666,-0.0
12852,2.0
17373,2.0
4680,2.0
21019,4.0
22132,5.0
4919,-0.0
563,4.0
20941,2.0
16160,5.0
15954,0.0
6607,0.0
4080,3.0
20892,4.0
9688,1.0
19288,5.0
555,1.0
4315,2.0
12274,-0.0
14127,2.0
18654,5.0
14628,2.0
9384,3.0
8175,4.0
8885,3.0
1375,1.0
6396,2.0
7018,0.0
7387,0.0
11458,3.0
7449,2.0
18594,3.0
11356,2.0
10230,2.0
3458,1.0
20208,2.0
10858,4.0
10499,4.0
17272,0.0
14254,5.0
5302,2.0
15804,2.0
14,0.0
17461,2.0
20361,-0.0
14748,1.0
17289,2.0
8002,5.0
21896,2.0
10912,4.0
6928,4.0
19254,2.0
10324,2.0
21216,2.0
5054,3.0
8707,5.0
11377,2.0
18817,3.0
9891,1.0
12208,2.0
1086,2.0
13836,2.0
13762,3.0
4051,2.0
9371,3.0
3112,2.0
4759,5.0
2981,4.0
11425,1.0
7141,4.0
12627,5.0
10217,5.0
18221,1.0
2728,0.0
14497,5.0
9514,2.0
12719,3.0
11824,1.0
10179,3.0
18937,0.0
1266,0.0
1911,0.0
20857,5.0
4009,1.0
12908,4.0
2082,2.0
1572,-0.0
21435,3.0
2995,4.0
19315,3.0
8872,3.0
19087,1.0
12271,2.0
1828,3.0
13146,3.0
6797,3.0
249,1.0
7401,1.0
16031,2.0
11000,5.0
18892,3.0
14642,1.0
21577,3.0
11666,2.0
9571,0.0
8789,4.0
3633,2.0
20373,3.0
15648,1.0
10733,3.0
889,0.0
10084,5.0
18505,3.0
20769,3.0
689,2.0
10408,3.0
1533,3.0
3251,3.0
8418,3.0
5777,2.0
8097,5.0
18698,3.0
17767,2.0
4543,3.0
13398,5.0
2225,2.0
561,5.0
21660,2.0
7690,5.0
13823,5.0
5565,-0.0
18363,2.0
11638,1.0
4564,3.0
19996,1.0
3898,0.0
21186,-0.0
11523,2.0
19332,1.0
7876,1.0
15992,3.0
71,2.0
12154,1.0
21100,3.0
7591,0.0
7024,5.0
18358,2.0
20164,3.0
15229,-0.0
17589,3.0
22186,3.0
19973,0.0
12213,0.0
9494,4.0
16036,5.0
19554,5.0
5899,5.0
15674,4.0
15194,-0.0
8713,5.0
15560,4.0
9310,3.0
44,1.0
15437,0.0
12675,3.0
7677,2.0
17345,2.0
15794,5.0
15993,4.0
6885,1.0
7268,4.0
11552,1.0
14440,2.0
12483,3.0
9144,2.0
4828,3.0
771,3.0
15214,-0.0
11732,5.0
3551,1.0
1112,0.0
17419,3.0
19356,3.0
21498,2.0
11262,2.0
1371,2.0
6357,0.0
14498,3.0
13605,2.0
18473,3.0
4441,4.0
3162,3.0
15489,2.0
9418,3.0
2279,5.0
21677,5.0
11899,1.0
4362,2.0
7429,0.0
6895,2.0
5996,2.0
5720,3.0
2211,-0.0
14155,-0.0
14253,4.0
9758,2.0
53,3.0
19643,1.0
512,2.0
21663,4.0
19106,2.0
8532,3.0
12731,5.0
8111,4.0
6430,-0.0
22143,5.0
4494,1.0
3144,3.0
17582,2.0
4084,3.0
393,1.0
18384,1.0
17254,1.0
2953,3.0
4227,4.0
10455,-0.0
11486,1.0
6226,4.0
14325,3.0
7325,3.0
11227,0.0
12962,5.0
13541,-0.0
13411,1.0
3320,3.0
16405,4.0
7780,0.0
9785,1.0
7058,-0.0
18492,4.0
15348,2.0
10300,3.0
12112,3.0
13621,5.0
11799,3.0
3171,3.0
3170,3.0
18745,4.0
722,2.0
4814,3.0
9355,0.0
2019,2.0
469,5.0
897,3.0
5569,0.0
79,1.0
19374,5.0
21550,2.0
11369,3.0
527,3.0
3403,2.0
597,3.0
3619,2.0
7033,3.0
12076,2.0
5319,4.0
22222,2.0
19116,5.0
17525,5.0
15883,1.0
17893,4.0
15935,4.0
20239,3.0
3431,1.0
11449,3.0
3735,4.0
21855,2.0
920,4.0
9856,0.0
4177,2.0
9224,3.0
5515,0.0
3966,2.0
10481,4.0
3659,1.0
162,-0.0
6999,3.0
6066,-0.0
5108,1.0
12802,2.0
20027,1.0
13916,5.0
6288,3.0
19557,5.0
4808,2.0
1941,2.0
14308,-0.0
8941,5.0
9464,2.0
15899,5.0
19906,2.0
1326,2.0
13478,5.0
17017,2.0
816,0.0
1124,4.0
15623,0.0
13394,1.0
9018,2.0
13246,4.0
17326,1.0
4239,3.0
10597,0.0
19806,2.0
15980,3.0
4217,0.0
12008,3.0
1056,3.0
15877,2.0
12452,3.0
9196,0.0
7542,4.0
1031,3.0
17360,1.0
17269,2.0
20227,2.0
3227,3.0
11455,3.0
20896,0.0
10066,4.0
21787,3.0
15453,0.0
18912,1.0
14284,2.0
6655,2.0
11373,4.0
15260,0.0
17087,2.0
15491,2.0
21411,5.0
8179,3.0
7921,3.0
1279,3.0
20196,1.0
2974,4.0
7460,4.0
21679,3.0
13170,-0.0
12323,2.0
1153,3.0
6789,2.0
19318,4.0
10052,4.0
7852,3.0
1135,2.0
17480,1.0
15463,2.0
3141,5.0
1635,2.0
21927,3.0
12993,2.0
15267,4.0
16685,5.0
21013,4.0
8207,1.0
18277,2.0
7270,-0.0
2116,2.0
8084,4.0
8980,4.0
14640,1.0
10557,4.0
15253,2.0
9316,3.0
16982,2.0
16822,3.0
21434,4.0
5280,2.0
17996,3.0
4677,2.0
4661,5.0
17867,2.0
4146,-0.0
1351,2.0
9149,4.0
7218,-0.0
844,1.0
312,2.0
2110,1.0
12409,0.0
8949,2.0
4142,4.0
21341,1.0
17341,4.0
13632,3.0
11907,3.0
10748,3.0
6223,1.0
9776,3.0
6705,1.0
16251,3.0
4596,2.0
412,4.0
1870,2.0
5678,2.0
4163,0.0
11253,0.0
12036,3.0
3209,4.0
65,-0.0
334,4.0
9343,3.0
16926,5.0
18465,3.0
4160,-0.0
6954,2.0
17035,4.0
15833,4.0
6923,0.0
20667,2.0
5983,2.0
18045,3.0
21120,3.0
22092,0.0
17161,3.0
382,-0.0
12166,3.0
3474,2.0
3683,1.0
19555,5.0
17642,0.0
9792,0.0
1173,-0.0
16650,2.0
6653,3.0
14922,1.0
7109,3.0
11878,1.0
6431,-0.0
13055,3.0
10746,2.0
3747,2.0
10310,0.0
7353,-0.0
14777,0.0
16478,3.0
14648,1.0
1247,5.0
13772,3.0
12609,4.0
21816,1.0
3365,2.0
17750,3.0
20009,2.0
5210,-0.0
19799,5.0
18218,3.0
10770,4.0
16111,1.0
8113,4.0
20828,3.0
10112,3.0
7004,-0.0
19353,3.0
6968,-0.0
2707,2.0
18359,2.0
12988,2.0
9456,2.0
4916,2.0
19942,4.0
22019,2.0
4600,3.0
5148,1.0
10319,3.0
2243,5.0
6876,4.0
3468,3.0
18831,5.0
5396,5.0
12737,2.0
18121,3.0
10521,2.0
4761,5.0
11136,3.0
3585,2.0
7515,5.0
13431,1.0
961,0.0
730,0.0
2879,4.0
16448,3.0
10078,2.0
6410,2.0
7794,0.0
9855,4.0
2727,5.0
4743,1.0
16820,5.0
17037,4.0
7624,3.0
20057,3.0
6563,2.0
2085,3.0
9318,2.0
21468,4.0
18934,4.0
20888,3.0
11547,3.0
11647,4.0
6338,5.0
13996,5.0
17416,1.0
1785,2.0
10031,0.0
2210,5.0
3187,2.0
14484,2.0
3373,2.0
15583,5.0
10160,4.0
5870,3.0
16523,5.0
17993,1.0
13515,3.0
4843,3.0
13964,5.0
2115,3.0
9452,0.0
9773,5.0
19995,2.0
19405,5.0
172,0.0
3413,2.0
11886,2.0
5829,3.0
5347,0.0
12077,4.0
5658,3.0
12301,1.0
6766,4.0
10087,3.0
4096,-0.0
18301,4.0
15783,1.0
13455,1.0
14358,1.0
4240,4.0
19445,5.0
17121,0.0
3879,4.0
2354,4.0
17862,2.0
9860,2.0
17696,0.0
10831,3.0
10623,5.0
17796,2.0
1871,1.0
5252,0.0
7334,0.0
20744,0.0
18057,2.0
15521,5.0
6844,1.0
22257,0.0
12038,2.0
9221,5.0
11405,0.0
18459,4.0
1019,4.0
22072,2.0
11457,4.0
10070,2.0
1981,3.0
6388,1.0
9591,4.0
5106,3.0
9369,4.0
9277,4.0
16890,4.0
16923,3.0
14647,1.0
10072,4.0
11489,4.0
7752,-0.0
15429,3.0
4095,2.0
17738,3.0
7497,4.0
12966,0.0
11889,3.0
1977,2.0
16855,5.0
9859,3.0
6026,2.0
15974,5.0
5152,2.0
14301,1.0
12897,3.0
3224,5.0
326,0.0
6904,2.0
1715,2.0
5306,1.0
7550,0.0
18927,5.0
13665,5.0
7949,3.0
17085,4.0
13280,5.0
3940,3.0
18646,1.0
21160,2.0
2100,3.0
20135,3.0
20370,4.0
6152,0.0
18809,3.0
6397,3.0
5095,0.0
21734,5.0
445,0.0
567,5.0
12383,2.0
15274,3.0
10534,2.0
6884,1.0
21757,5.0
15884,3.0
13075,3.0
12181,3.0
13351,4.0
11525,3.0
20558,1.0
12462,1.0
4858,5.0
15198,1.0
4928,1.0
21413,0.0
12466,3.0
18737,5.0
14512,3.0
104,1.0
13713,0.0
795,3.0
12047,0.0
21294,1.0
10641,1.0
16185,2.0
19988,2.0
7768,-0.0
13108,0.0
19778,5.0
15759,-0.0
10184,5.0
10712,4.0
10443,1.0
15436,5.0
3388,2.0
7001,5.0
899,1.0
10167,2.0
3914,3.0
3676,1.0
14294,2.0
4946,5.0
14088,2.0
8653,2.0
18944,2.0
2950,1.0
7821,-0.0
7165,1.0
3349,1.0
20216,-0.0
16113,3.0
9638,2.0
17453,3.0
2392,3.0
9446,1.0
16768,3.0
16779,4.0
5468,4.0
3104,4.0
10708,2.0
19458,2.0
7073,2.0
2764,5.0
20127,0.0
7221,2.0
5399,3.0
6047,0.0
11285,1.0
8022,4.0
4364,1.0
5487,5.0
22163,3.0
21063,5.0
18317,5.0
12512,0.0
9457,1.0
12687,5.0
1023,3.0
17633,3.0
6921,2.0
20629,3.0
15050,0.0
19528,4.0
3533,1.0
15278,2.0
12865,1.0
16553,2.0
10576,5.0
11573,2.0
18387,0.0
14855,1.0
5779,-0.0
5112,4.0
1096,1.0
11177,4.0
14178,1.0
2909,3.0
14594,5.0
19991,2.0
8180,1.0
11640,3.0
2144,3.0
3838,3.0
18268,1.0
9097,1.0
9143,0.0
5433,2.0
22185,4.0
13378,4.0
15984,1.0
14496,0.0
14888,0.0
1105,1.0
9209,2.0
13973,5.0
17,4.0
7538,5.0
20157,2.0
3784,1.0
9982,-0.0
739,1.0
17672,3.0
14401,2.0
22305,2.0
15945,2.0
12547,5.0
19685,0.0
12869,3.0
9960,0.0
19437,4.0
20974,4.0
13038,3.0
3271,2.0
1442,2.0
6993,5.0
18304,3.0
7622,-0.0
18471,4.0
3531,1.0
121,3.0
19226,2.0
2498,5.0
298,2.0
21024,5.0
9926,5.0
1515,0.0
9286,0.0
4336,4.0
4290,1.0
18303,0.0
11204,5.0
22180,5.0
13950,5.0
20533,3.0
20855,4.0
19782,4.0
17817,-0.0
15812,-0.0
1944,3.0
16003,5.0
12705,1.0
7586,1.0
8118,5.0
10076,2.0
18701,4.0
1130,3.0
16256,4.0
13829,4.0
20049,1.0
5139,4.0
12245,2.0
2287,1.0
12374,1.0
7222,4.0
15876,3.0
17217,1.0
10977,5.0
21238,2.0
5361,2.0
15149,2.0
11121,1.0
693,1.0
6771,1.0
6714,2.0
20992,3.0
14319,0.0
4147,4.0
5539,5.0
17000,5.0
10470,4.0
20681,5.0
19790,5.0
660,0.0
22252,1.0
4991,-0.0
7959,4.0
8257,2.0
10245,1.0
21588,2.0
9358,3.0
365,-0.0
8913,5.0
6237,3.0
7452,1.0
14907,2.0
3056,3.0
12497,2.0
10884,5.0
20495,2.0
21236,3.0
6092,-0.0
4413,2.0
14537,2.0
19119,4.0
1374,2.0
2050,3.0
10632,4.0
14413,4.0
4618,2.0
231,1.0
18172,3.0
1482,2.0
1303,5.0
12443,1.0
5416,0.0
11104,3.0
22280,2.0
16466,3.0
3716,3.0
18068,2.0
14505,3.0
11288,2.0
9376,2.0
6204,0.0
2982,3.0
17953,2.0
2178,5.0
8055,5.0
20849,2.0
16533,5.0
12673,4.0
6615,3.0
10600,-0.0
10611,4.0
8321,3.0
4977,2.0
19987,1.0
6402,3.0
6322,1.0
10538,4.0
11279,2.0
10747,4.0
19959,5.0
2114,1.0
21602,5.0
2181,2.0
10399,4.0
6231,3.0
20779,0.0
2892,3.0
22364,3.0
13863,4.0
7548,1.0
2672,1.0
570,3.0
15,1.0
10386,3.0
5800,3.0
6516,1.0
1100,3.0
12931,3.0
10252,3.0
5680,0.0
15646,2.0
7871,5.0
4310,1.0
10586,3.0
12940,5.0
19162,3.0
21558,3.0
8406,4.0
6118,1.0
7070,5.0
18294,1.0
13883,3.0
4526,2.0
9004,2.0
2894,5.0
10735,3.0
677,5.0
16581,2.0
21465,-0.0
6850,1.0
20433,0.0
15874,4.0
7892,3.0
13546,4.0
16630,3.0
12380,0.0
4565,0.0
2731,1.0
14228,1.0
839,0.0
3877,1.0
4632,0.0
7634,-0.0
5066,2.0
16608,3.0
4188,-0.0
1739,0.0
7044,2.0
10483,-0.0
3049,3.0
1408,0.0
6008,0.0
3035,3.0
18902,5.0
12826,0.0
11096,4.0
2158,0.0
21060,2.0
15364,3.0
18687,5.0
18093,1.0
12279,2.0
1817,0.0
11927,3.0
106,3.0
8774,4.0
2841,3.0
14443,4.0
14415,0.0
6317,1.0
12408,2.0
19256,3.0
13408,0.0
8293,0.0
1129,0.0
19620,3.0
8463,0.0
19025,1.0
14693,2.0
12221,2.0
4487,3.0
4788,4.0
7166,0.0
1104,1.0
16660,3.0
7626,4.0
18857,4.0
20291,1.0
3892,2.0
7047,3.0
4312,1.0
9551,3.0
11532,3.0
14533,2.0
15029,3.0
22392,3.0
13343,2.0
13734,5.0
5045,2.0
16336,4.0
7659,0.0
21669,3.0
19110,2.0
14909,0.0
1497,2.0
14984,-0.0
12953,2.0
4579,4.0
13051,3.0
15756,1.0
11388,1.0
21514,4.0
1567,1.0
18125,2.0
13722,4.0
5772,2.0
1193,0.0
2807,3.0
21525,2.0
11901,0.0
22085,2.0
15079,3.0
15205,1.0
21298,4.0
21610,4.0
20188,2.0
7042,0.0
2106,4.0
12986,3.0
16549,5.0
11085,5.0
12441,2.0
10741,5.0
19029,3.0
13945,3.0
7739,3.0
12020,3.0
20972,4.0
22311,3.0
13373,2.0
5240,3.0
20890,5.0
17991,2.0
20644,1.0
1781,0.0
5762,1.0
2898,5.0
4489,3.0
4397,4.0
16896,4.0
5038,2.0
8709,2.0
16387,5.0
8215,2.0
5827,5.0
327,1.0
5444,3.0
1693,3.0
9382,3.0
6838,4.0
4258,4.0
12838,3.0
13130,-0.0
3665,-0.0
3370,0.0
10555,0.0
22273,2.0
881,0.0
11176,4.0
21058,4.0
12235,2.0
3230,3.0
10872,2.0
17507,2.0
17414,3.0
12099,4.0
18978,3.0
9728,3.0
11338,4.0
17681,-0.0
18678,4.0
22306,0.0
19621,4.0
16037,2.0
16299,5.0
1980,2.0
3132,3.0
6065,3.0
368,1.0
6444,4.0
5196,0.0
17781,0.0
17500,4.0
927,2.0
6417,0.0
9654,1.0
17441,5.0
18449,1.0
13684,4.0
20399,2.0
20324,2.0
4278,2.0
7962,3.0
21634,0.0
8178,2.0
7599,2.0
22012,-0.0
7917,3.0
11852,1.0
8284,3.0
4732,-0.0
14564,5.0
20566,3.0
12258,2.0
21561,1.0
17395,4.0
19945,0.0
21054,3.0
12612,-0.0
6887,0.0
11052,5.0
18788,4.0
20761,4.0
5013,5.0
7057,5.0
14048,4.0
17131,4.0
13104,1.0
20394,4.0
5611,3.0
7104,4.0
5170,2.0
20076,1.0
7320,1.0
3888,2.0
13949,5.0
20402,2.0
7762,-0.0
11684,1.0
13839,2.0
14548,1.0
21379,3.0
999,2.0
16617,4.0
6205,4.0
6398,1.0
8835,4.0
15303,-0.0
2348,2.0
14852,2.0
8895,3.0
2480,4.0
1558,0.0
17477,3.0
17705,0.0
8259,4.0
11391,2.0
6250,4.0
18696,3.0
11620,3.0
21316,2.0
7210,1.0
7096,2.0
6663,-0.0
13178,5.0
9074,2.0
9003,0.0
3820,0.0
17556,2.0
1160,0.0
15150,0.0
18738,2.0
21753,3.0
10590,5.0
14579,1.0
4186,2.0
16990,1.0
4131,3.0
18964,-0.0
3566,4.0
21596,1.0
6120,2.0
9093,3.0
1802,2.0
14403,3.0
686,4.0
812,2.0
22235,0.0
16443,4.0
760,4.0
10892,5.0
19056,4.0
22155,0.0
14679,3.0
2488,2.0
7702,1.0
18180,4.0
20183,1.0
1719,5.0
20219,3.0
8226,3.0
14272,5.0
9503,0.0
15022,2.0
4623,4.0
11501,1.0
22406,1.0
20619,0.0
14995,4.0
19261,1.0
8376,5.0
139,1.0
8128,0.0
18797,5.0
20452,2.0
11043,5.0
1089,3.0
7850,5.0
4157,0.0
21252,5.0
8847,3.0
4496,3.0
20705,1.0
5839,4.0
12304,3.0
11988,3.0
14054,1.0
14024,5.0
9874,3.0
21889,5.0
7043,4.0
13851,5.0
7045,2.0
11411,0.0
18286,2.0
21635,3.0
18844,0.0
5510,4.0
20393,3.0
11761,2.0
15799,2.0
14359,2.0
4164,0.0
3327,0.0
14802,5.0
12018,4.0
5861,4.0
12532,1.0
21732,5.0
7878,5.0
7809,0.0
11893,1.0
16532,5.0
9824,3.0
19292,1.0
17853,4.0
20516,0.0
13009,5.0
7393,2.0
18999,3.0
19610,5.0
6344,3.0
6369,4.0
5367,4.0
19746,4.0
4406,3.0
8277,3.0
16960,3.0
3244,0.0
16418,5.0
3203,4.0
1397,0.0
17054,4.0
5234,3.0
17082,2.0
9365,2.0
313,1.0
3799,2.0
1347,2.0
11859,4.0
18511,1.0
17226,-0.0
15124,3.0
8603,0.0
6075,1.0
13029,1.0
4978,1.0
3942,2.0
7213,1.0
5237,4.0
6247,1.0
10136,1.0
20547,2.0
1704,0.0
7963,5.0
1644,2.0
13100,1.0
4097,2.0
14815,4.0
15776,1.0
17502,2.0
20110,1.0
6546,1.0
1109,4.0
4268,2.0
20250,3.0
937,1.0
20442,2.0
114,1.0
12916,2.0
1702,3.0
966,-0.0
16017,3.0
19064,3.0
11834,0.0
12460,4.0
20733,2.0
1546,3.0
420,3.0
17593,5.0
534,3.0
3529,1.0
8562,5.0
13685,3.0
14686,1.0
654,5.0
10540,-0.0
21043,2.0
8947,4.0
3368,4.0
1009,2.0
962,3.0
5215,2.0
1360,1.0
16052,5.0
17242,3.0
16756,3.0
17231,2.0
17448,0.0
18804,3.0
1505,3.0
100,2.0
16125,5.0
18543,5.0
1077,5.0
11318,1.0
17399,2.0
16103,4.0
21326,4.0
3781,0.0
8012,2.0
3609,3.0
7944,5.0
17847,0.0
16264,5.0
17462,4.0
11586,5.0
6364,2.0
17838,1.0
21223,2.0
19260,5.0
16187,4.0
2346,3.0
12911,4.0
6914,1.0
6449,5.0
11786,-0.0
10684,4.0
15102,0.0
21302,4.0
15034,3.0
20303,3.0
19846,1.0
13293,3.0
8838,0.0
4454,1.0
6224,2.0
15849,2.0
20305,4.0
694,2.0
13556,5.0
4637,0.0
19316,5.0
5668,2.0
20253,3.0
14038,3.0
15843,4.0
16468,3.0
19708,5.0
16868,3.0
19120,1.0
18341,1.0
18576,3.0
18211,3.0
11454,2.0
13895,5.0
2777,5.0
0,1.0
18886,3.0
21436,1.0
13523,3.0
11286,1.0
16499,3.0
4198,3.0
12504,1.0
11921,3.0
16692,2.0
18247,3.0
10190,2.0
21996,5.0
1436,4.0
7091,0.0
17353,-0.0
1766,0.0
2595,2.0
3657,1.0
13416,2.0
14709,2.0
20562,2.0
3347,2.0
8700,1.0
22292,2.0
5797,1.0
5411,3.0
10766,1.0
10299,2.0
14832,-0.0
16370,5.0
9400,4.0
3150,4.0
15455,1.0
7120,5.0
2951,4.0
21825,1.0
14215,1.0
4658,4.0
9170,3.0
2325,2.0
6925,2.0
7006,2.0
513,4.0
369,2.0
21486,2.0
5992,-0.0
19634,4.0
2737,2.0
19691,5.0
6299,-0.0
15016,3.0
18248,0.0
7593,0.0
6367,3.0
15333,2.0
1378,2.0
19937,3.0
7193,1.0
2330,0.0
13506,4.0
11844,-0.0
12215,1.0
800,4.0
4190,0.0
16455,3.0
12071,0.0
17860,2.0
10419,5.0
12439,4.0
19836,5.0
1346,1.0
19872,2.0
16787,5.0
11962,3.0
2512,3.0
4994,3.0
11120,1.0
6059,2.0
9299,4.0
3866,4.0
11481,0.0
12615,1.0
21830,3.0
17803,-0.0
17349,2.0
11208,0.0
11742,4.0
5084,3.0
6643,3.0
9726,5.0
7414,1.0
4865,0.0
4546,-0.0
15403,2.0
2546,2.0
1097,0.0
1131,0.0
18200,0.0
4379,1.0
7710,5.0
16917,5.0
8710,5.0
21210,1.0
18724,2.0
15816,0.0
19770,4.0
4349,2.0
7206,1.0
8237,-0.0
8806,1.0
531,2.0
192,1.0
17973,0.0
8419,0.0
4102,2.0
4111,4.0
7357,3.0
6927,3.0
11812,2.0
10567,2.0
11726,2.0
4301,3.0
12956,3.0
6375,0.0
22030,2.0
7772,-0.0
11309,2.0
14879,4.0
7653,0.0
3295,4.0
3782,3.0
5632,0.0
22069,5.0
7628,-0.0
182,1.0
13470,1.0
5911,3.0
1063,4.0
19400,5.0
4719,5.0
13885,2.0
22159,5.0
12072,3.0
10978,5.0
11209,3.0
1523,2.0
1873,3.0
20261,3.0
2147,0.0
17529,1.0
5443,5.0
11920,1.0
11985,0.0
5703,0.0
21065,1.0
697,1.0
20308,3.0
15296,5.0
4907,5.0
6329,3.0
15121,1.0
4486,-0.0
8823,4.0
2143,3.0
4980,5.0
18922,2.0
16409,2.0
16792,5.0
19474,2.0
16991,2.0
9749,3.0
85,1.0
155,1.0
14261,2.0
19221,4.0
16107,4.0
2673,3.0
13032,3.0
934,1.0
6650,1.0
10531,4.0
20656,2.0
14728,2.0
5107,2.0
4701,3.0
20503,1.0
18153,3.0
9896,2.0
20070,0.0
2281,3.0
14999,3.0
12812,0.0
6889,1.0
22084,5.0
6727,5.0
8945,4.0
22285,0.0
14785,2.0
9963,1.0
9239,2.0
3269,2.0
9458,4.0
3180,4.0
18403,2.0
20544,2.0
21759,2.0
2269,2.0
9518,0.0
1284,1.0
14066,1.0
5905,-0.0
2093,1.0
7755,1.0
17133,0.0
7621,5.0
9845,5.0
5648,0.0
21725,3.0
37,3.0
6432,3.0
18448,3.0
5169,-0.0
20752,2.0
6745,4.0
10812,5.0
13650,1.0
13670,3.0
20824,2.0
16903,2.0
11246,2.0
17376,3.0
7476,5.0
7927,3.0
17361,2.0
12760,1.0
22361,4.0
487,4.0
5407,2.0
9084,1.0
5655,5.0
1094,4.0
18302,2.0
13559,2.0
5734,-0.0
21784,5.0
5939,-0.0
19710,4.0
9026,1.0
6110,2.0
18755,3.0
17001,2.0
16813,5.0
10222,5.0
1886,4.0
769,0.0
18605,2.0
12350,1.0
11825,3.0
20961,2.0
13383,5.0
12237,-0.0
13813,2.0
15706,1.0
20266,0.0
832,4.0
19359,2.0
3499,5.0
2056,3.0
4006,0.0
6113,0.0
6586,4.0
7975,5.0
8355,2.0
15620,1.0
20973,4.0
16203,2.0
15503,2.0
19065,4.0
19647,3.0
1510,1.0
12714,5.0
1975,0.0
20198,4.0
3014,2.0
6054,3.0
17740,3.0
3072,2.0
5227,4.0
16498,5.0
18579,4.0
17012,2.0
8977,4.0
13323,4.0
15212,-0.0
955,3.0
9838,4.0
4139,2.0
4636,3.0
6051,1.0
21566,5.0
21128,1.0
10196,4.0
15965,3.0
21649,2.0
17835,2.0
21073,2.0
3920,-0.0
20091,4.0
4751,4.0
21067,1.0
4731,2.0
6973,2.0
16658,4.0
13807,4.0
7723,1.0
2209,2.0
21527,4.0
4524,1.0
2485,1.0
7832,4.0
6862,2.0
5321,3.0
14491,2.0
12132,1.0
939,2.0
1835,3.0
5966,1.0
3617,3.0
16603,2.0
17438,1.0
6296,1.0
13906,3.0
18880,5.0
18212,4.0
15122,2.0
4770,3.0
10976,2.0
17850,0.0
15287,5.0
17771,0.0
10537,5.0
15908,2.0
21391,3.0
8807,3.0
1634,0.0
12667,4.0
6038,0.0
1926,5.0
9359,2.0
11313,1.0
7,3.0
17071,2.0
10409,2.0
12016,1.0
14945,3.0
14950,5.0
16817,3.0
1345,0.0
15663,2.0
5499,2.0
1054,-0.0
12734,3.0
12435,-0.0
5951,0.0
18688,5.0
10339,1.0
12684,1.0
18477,2.0
16189,4.0
17427,5.0
14763,3.0
18593,3.0
265,1.0
9572,4.0
13859,5.0
20698,2.0
7966,4.0
8476,3.0
3418,1.0
18423,1.0
523,4.0
15239,0.0
10795,3.0
8298,5.0
8747,4.0
4811,4.0
242,2.0
18080,5.0
9930,4.0
935,5.0
21893,3.0
14873,2.0
2283,4.0
9779,1.0
5030,4.0
7887,2.0
21444,3.0
8433,3.0
17437,2.0
13893,5.0
19650,1.0
8135,3.0
2053,1.0
17955,2.0
6793,2.0
21570,5.0
9117,1.0
12492,2.0
14898,-0.0
9980,4.0
10659,4.0
6254,1.0
18595,2.0
8266,3.0
11984,0.0
4180,-0.0
10546,3.0
13663,5.0
3265,1.0
11238,1.0
9140,2.0
18925,3.0
11210,5.0
3788,2.0
19949,5.0
8252,3.0
15084,1.0
21378,3.0
21149,2.0
21868,3.0
2704,4.0
20493,-0.0
6363,3.0
7158,4.0
13289,4.0
8901,4.0
16893,2.0
10362,1.0
18770,3.0
11038,5.0
10887,2.0
16063,3.0
9977,-0.0
7590,4.0
18612,2.0
20631,-0.0
3455,3.0
17691,2.0
2450,5.0
18752,2.0
11754,2.0
6575,2.0
14572,-0.0
16172,3.0
14242,5.0
21899,5.0
13004,1.0
12006,0.0
3258,4.0
9625,4.0
18992,4.0
21334,1.0
8650,1.0
2699,3.0
323,2.0
18641,4.0
9953,5.0
4455,2.0
6327,-0.0
12333,2.0
9686,0.0
15141,0.0
11654,5.0
12389,1.0
10071,2.0
10558,1.0
10118,3.0
18974,4.0
17626,0.0
3020,3.0
11993,1.0
10999,4.0
5923,3.0
19614,1.0
3982,3.0
7267,2.0
7291,2.0
14708,3.0
19842,3.0
8978,2.0
7988,4.0
2691,4.0
22056,4.0
8256,4.0
6606,2.0
14715,2.0
9423,3.0
2638,3.0
21023,1.0
14062,0.0
17749,2.0
3189,4.0
13236,5.0
161,1.0
21769,4.0
10369,5.0
19729,4.0
10843,3.0
8166,4.0
15134,2.0
9709,-0.0
10446,1.0
16263,4.0
2066,4.0
3594,3.0
10973,2.0
10607,3.0
18728,2.0
115,2.0
4683,3.0
3292,2.0
6003,5.0
7066,3.0
13733,2.0
876,0.0
5533,3.0
4531,3.0
15001,3.0
13933,5.0
12391,3.0
5231,5.0
18290,5.0
21521,3.0
8429,3.0
22282,2.0
2184,1.0
18214,1.0
20556,1.0
13584,1.0
2712,2.0
9171,4.0
6880,0.0
5616,4.0
7247,2.0
12559,0.0
15131,4.0
17401,2.0
9974,3.0
20280,1.0
13921,2.0
2322,2.0
18011,3.0
13217,4.0
3537,-0.0
17340,1.0
6744,3.0
20379,0.0
8597,5.0
4059,1.0
14691,0.0
17774,1.0
1329,2.0
13539,-0.0
19933,5.0
8110,3.0
11686,4.0
59,2.0
11194,4.0
7050,1.0
7422,1.0
1968,1.0
94,2.0
896,2.0
12682,4.0
17717,1.0
14903,1.0
3536,0.0
21040,-0.0
12110,0.0
2051,3.0
5469,5.0
22384,4.0
13161,3.0
7632,3.0
10654,3.0
15656,4.0
5836,0.0
10702,4.0
8004,5.0
14123,5.0
9973,5.0
6100,0.0
1363,0.0
18067,3.0
19017,5.0
22286,1.0
4768,2.0
12445,0.0
1480,0.0
2590,3.0
11365,5.0
4830,3.0
1452,3.0
16941,5.0
10598,0.0
21095,5.0
501,3.0
2490,5.0
1789,2.0
7076,1.0
8158,5.0
7439,4.0
6229,0.0
10304,3.0
9486,2.0
2567,5.0
20534,1.0
8470,5.0
6415,2.0
14143,2.0
22011,3.0
5114,4.0
621,4.0
10333,3.0
8510,3.0
8935,1.0
16610,5.0
3825,1.0
12111,1.0
18074,4.0
16667,5.0
12334,5.0
5425,3.0
923,1.0
940,3.0
6374,3.0
6538,1.0
11896,2.0
9035,1.0
7242,4.0
7067,3.0
4999,3.0
5669,3.0
6084,1.0
20956,1.0
18868,1.0
19994,1.0
13805,2.0
8979,2.0
11396,3.0
8995,0.0
8365,2.0
4880,3.0
13177,-0.0
389,2.0
2015,4.0
2137,1.0
21761,4.0
2952,5.0
21185,5.0
10357,2.0
7034,3.0
13525,1.0
12432,0.0
9470,2.0
13716,4.0
1541,3.0
14037,4.0
17100,3.0
4699,1.0
3545,0.0
8513,3.0
1227,3.0
3490,1.0
5132,3.0
3998,2.0
10270,4.0
5253,0.0
19835,5.0
7769,3.0
13092,1.0
297,-0.0
21400,2.0
15684,2.0
1111,3.0
21897,4.0
14207,1.0
16116,3.0
13453,3.0
9295,5.0
20206,4.0
18613,-0.0
8209,5.0
3726,5.0
8338,0.0
6675,2.0
2557,3.0
21064,2.0
4874,3.0
1015,1.0
21926,5.0
13718,2.0
14971,0.0
4149,4.0
8670,4.0
19279,1.0
8954,0.0
12738,3.0
8523,5.0
22205,0.0
21743,5.0
3835,0.0
15985,3.0
10204,2.0
2833,0.0
4685,1.0
12807,4.0
83,3.0
197,4.0
13039,3.0
2230,2.0
6616,1.0
212,3.0
17472,3.0
16709,2.0
5925,1.0
15424,2.0
10791,5.0
10645,1.0
4508,0.0
4713,1.0
2403,3.0
6761,0.0
1768,3.0
16512,3.0
2549,3.0
17727,0.0
20877,0.0
91,2.0
20380,3.0
15576,0.0
7503,5.0
21797,3.0
12771,5.0
15410,2.0
15210,1.0
9055,-0.0
8755,3.0
7813,3.0
17741,3.0
3139,3.0
5447,2.0
2849,2.0
14523,5.0
12034,1.0
17420,2.0
9200,0.0
16654,2.0
20808,3.0
7408,3.0
17937,4.0
17447,4.0
1440,1.0
9111,2.0
19044,1.0
290,3.0
16074,4.0
11642,2.0
10878,2.0
1354,4.0
10227,3.0
12286,3.0
8772,3.0
9900,2.0
16257,1.0
1012,3.0
16678,4.0
7388,2.0
11670,2.0
9011,2.0
18558,1.0
15082,0.0
8554,5.0
17330,2.0
17006,2.0
6971,3.0
19998,0.0
5375,5.0
5995,5.0
8765,1.0
21183,1.0
17130,1.0
17201,2.0
8951,3.0
4120,3.0
17292,0.0
20348,1.0
12042,3.0
7211,4.0
22183,5.0
12876,3.0
10479,2.0
15644,5.0
13744,2.0
19050,3.0
17917,3.0
787,3.0
18275,1.0
15313,3.0
5418,0.0
10527,4.0
18649,5.0
14504,3.0
17211,1.0
14058,1.0
1521,2.0
5044,4.0
14121,1.0
6235,4.0
12239,0.0
18838,2.0
9402,3.0
9611,2.0
2179,3.0
10019,1.0
22067,4.0
12858,0.0
344,4.0
12262,1.0
11407,3.0
21360,2.0
10142,5.0
2635,3.0
14924,2.0
10658,0.0
20158,-0.0
11,2.0
2542,5.0
21288,5.0
17043,3.0
1451,2.0
19360,3.0
13256,0.0
19975,5.0
19093,5.0
5372,1.0
4645,1.0
2391,1.0
7851,5.0
17025,3.0
17906,1.0
16509,5.0
22170,5.0
14230,2.0
3953,-0.0
17899,2.0
559,4.0
5420,4.0
22113,4.0
207,5.0
10391,4.0
946,4.0
16373,5.0
15215,0.0
20642,3.0
4236,1.0
2108,3.0
3936,1.0
3896,2.0
11334,2.0
2645,5.0
19574,2.0
20232,2.0
19885,4.0
8088,1.0
4796,2.0
12369,4.0
6491,1.0
11366,1.0
19534,3.0
630,2.0
3889,1.0
21066,0.0
16634,5.0
4170,4.0
13990,5.0
1103,1.0
2068,5.0
20029,0.0
10838,4.0
19291,2.0
5874,3.0
19109,4.0
19377,4.0
21804,2.0
21164,3.0
13758,3.0
10109,3.0
3855,1.0
16807,5.0
17491,5.0
3978,0.0
11572,2.0
4576,0.0
7666,1.0
3093,1.0
8109,5.0
7036,3.0
17370,2.0
1838,2.0
5489,4.0
18270,4.0
6746,3.0
16573,5.0
8829,5.0
21438,5.0
1479,-0.0
20636,2.0
7209,1.0
18888,1.0
20465,2.0
6692,1.0
8150,4.0
9391,3.0
5981,5.0
3341,4.0
13647,1.0
9284,5.0
14364,4.0
6473,3.0
20420,2.0
4753,0.0
11703,5.0
17708,2.0
17031,2.0
15774,1.0
7980,2.0
19830,1.0
6389,-0.0
9430,4.0
4370,2.0
21130,5.0
16590,2.0
1361,3.0
9062,2.0
8542,3.0
3025,5.0
18973,4.0
17302,2.0
13233,4.0
5337,4.0
8342,2.0
2632,5.0
7647,1.0
13792,4.0
14418,0.0
10760,5.0
11247,2.0
13500,5.0
19712,2.0
18096,3.0
5274,3.0
9808,1.0
5591,4.0
21994,5.0
16755,4.0
16406,3.0
20134,0.0
5976,3.0
9053,2.0
9472,3.0
21942,4.0
9811,2.0
10403,3.0
7100,4.0
9345,3.0
8078,4.0
21887,2.0
6497,3.0
7595,3.0
8692,4.0
20023,0.0
4702,0.0
20437,3.0
9436,2.0
11031,4.0
4614,4.0
9682,0.0
4774,2.0
7046,2.0
22268,2.0
11399,0.0
6459,1.0
12558,3.0
8478,1.0
21393,5.0
9558,0.0
6421,3.0
8163,3.0
9072,3.0
15010,3.0
20301,1.0
11124,5.0
17627,4.0
9493,1.0
16109,2.0
6624,2.0
16761,4.0
3613,2.0
6725,5.0
17210,0.0
12747,2.0
1409,4.0
20820,2.0
18794,1.0
4108,5.0
16400,3.0
375,0.0
8089,4.0
4589,3.0
11557,4.0
13800,4.0
19839,3.0
14714,3.0
4283,1.0
551,2.0
17634,4.0
15193,1.0
2261,2.0
2071,4.0
8768,4.0
925,1.0
10749,1.0
2972,2.0
6180,2.0
21981,3.0
15321,2.0
5157,3.0
987,-0.0
18307,2.0
20167,3.0
18131,1.0
22107,3.0
14839,1.0
17990,5.0
4993,0.0
19811,3.0
19039,1.0
2649,2.0
12744,0.0
10665,4.0
4716,3.0
3439,1.0
14011,3.0
19581,5.0
1202,1.0
180,3.0
10810,1.0
6135,0.0
12939,3.0
22123,5.0
22017,5.0
3905,1.0
12398,0.0
18552,1.0
19134,4.0
5601,3.0
856,0.0
19192,4.0
15686,2.0
10291,1.0
5333,4.0
19497,4.0
3847,-0.0
10367,3.0
15513,1.0
2500,1.0
8461,5.0
10850,4.0
42,1.0
12573,1.0
3588,3.0
12638,0.0
14481,0.0
16073,2.0
3102,5.0
4536,0.0
17250,3.0
20520,2.0
1919,3.0
17464,3.0
2985,4.0
4554,2.0
19698,5.0
9447,2.0
2818,5.0
5517,0.0
20526,0.0
9691,0.0
4856,1.0
8066,2.0
20731,3.0
13077,5.0
15374,2.0
1125,2.0
11965,2.0
20984,2.0
602,1.0
21847,5.0
19009,1.0
21070,5.0
17784,1.0
19719,5.0
20787,2.0
9497,1.0
13377,4.0
9050,1.0
1226,0.0
17877,2.0
18636,1.0
1504,3.0
13346,3.0
13119,3.0
7522,0.0
13673,4.0
6822,-0.0
1399,3.0
18289,5.0
10793,4.0
14470,2.0
1114,0.0
8101,2.0
6582,2.0
12289,1.0
14363,2.0
13765,3.0
9568,4.0
16586,4.0
4553,-0.0
1531,3.0
19057,3.0
5880,1.0
20600,1.0
980,5.0
7781,3.0
11341,5.0
6753,1.0
1469,3.0
16316,2.0
1042,3.0
4053,2.0
14367,1.0
9986,1.0
2877,5.0
11522,4.0
19623,2.0
15602,4.0
19956,1.0
10580,2.0
16021,1.0
14006,3.0
20678,0.0
2074,0.0
11842,1.0
18774,1.0
6418,1.0
14631,3.0
21364,3.0
1684,3.0
18446,2.0
4279,1.0
11003,4.0
20937,-0.0
18513,2.0
8689,1.0
566,0.0
6541,2.0
15211,2.0
8435,4.0
13472,3.0
1101,3.0
21795,0.0
539,0.0
14171,1.0
19114,3.0
16994,4.0
1420,3.0
15660,0.0
22192,-0.0
10693,5.0
17662,1.0
15306,0.0
8323,1.0
9633,2.0
19432,2.0
20382,4.0
10134,3.0
16760,3.0
427,1.0
18754,1.0
11251,3.0
10489,3.0
14985,0.0
21792,2.0
2861,2.0
11068,3.0
14120,0.0
14141,1.0
12015,-0.0
17658,2.0
20646,2.0
17164,4.0
17450,2.0
17522,4.0
11042,5.0
20581,1.0
10543,1.0
9425,3.0
18207,1.0
10171,5.0
19786,4.0
264,1.0
16346,-0.0
11265,1.0
7990,2.0
10148,3.0
463,3.0
8354,2.0
10113,4.0
20883,3.0
15971,3.0
1199,2.0
17928,5.0
16645,3.0
3997,3.0
18517,4.0
6483,4.0
21703,5.0
16529,5.0
19103,1.0
22098,3.0
17021,0.0
2393,2.0
8003,1.0
450,2.0
5422,1.0
13484,3.0
21696,3.0
4979,0.0
6009,4.0
14383,3.0
1756,2.0
5042,3.0
19015,2.0
15696,3.0
7924,2.0
15162,0.0
15169,1.0
1242,1.0
3438,1.0
1254,2.0
589,3.0
1435,4.0
12137,3.0
16637,2.0
16404,2.0
8974,3.0
8076,5.0
19457,2.0
10188,3.0
21373,5.0
21782,3.0
14699,2.0
14469,3.0
7304,2.0
3569,2.0
6556,5.0
3302,0.0
8445,3.0
21336,4.0
4341,0.0
14546,2.0
20660,3.0
7364,0.0
9734,2.0
9526,3.0
14865,2.0
14847,0.0
6526,1.0
20293,4.0
9048,-0.0
15865,4.0
14332,4.0
3264,4.0
1534,2.0
9118,0.0
14345,1.0
7580,5.0
1909,5.0
7611,2.0
13726,5.0
5356,1.0
2140,2.0
12868,3.0
3161,3.0
17271,3.0
16075,4.0
12722,3.0
8069,1.0
15074,3.0
18952,4.0
18240,1.0
12649,2.0
5709,2.0
10297,3.0
5562,0.0
14544,5.0
22091,3.0
21642,2.0
4248,2.0
11134,0.0
4242,3.0
8299,4.0
19434,3.0
17605,4.0
10755,5.0
6309,3.0
9550,1.0
11482,1.0
1468,1.0
7186,1.0
9947,4.0
4316,1.0
14187,4.0
9530,3.0
5993,0.0
3614,-0.0
8583,4.0
16032,5.0
13701,5.0
2169,4.0
13704,5.0
14175,0.0
8673,4.0
12715,4.0
2176,4.0
6738,4.0
13022,2.0
718,4.0
3644,2.0
8205,4.0
22407,3.0
2155,3.0
12917,5.0
14751,1.0
7576,3.0
6372,2.0
11094,3.0
15060,5.0
17423,5.0
18512,1.0
14614,-0.0
4483,3.0
20022,1.0
21338,2.0
8590,2.0
21460,3.0
15184,0.0
9544,3.0
21303,4.0
6291,0.0
19023,4.0
16112,5.0
20561,-0.0
20768,3.0
6704,3.0
20214,1.0
7167,4.0
18850,1.0
14831,1.0
11580,3.0
14194,1.0
14986,0.0
18743,2.0
16995,5.0
18160,0.0
16016,2.0
7998,2.0
5918,2.0
10169,4.0
16458,3.0
13436,3.0
4068,0.0
15474,3.0
21839,1.0
4435,1.0
13693,1.0
3433,2.0
5895,5.0
8502,5.0
12813,2.0
5385,1.0
4718,2.0
8391,3.0
21807,5.0
2034,3.0
21156,0.0
1439,4.0
22212,1.0
3137,3.0
7541,4.0
5955,-0.0
8499,5.0
9179,0.0
5860,5.0
6132,2.0
22200,3.0
15639,5.0
3459,4.0
8517,0.0
12620,1.0
21447,3.0
12935,3.0
4325,3.0
1920,0.0
8105,4.0
5191,5.0
13609,5.0
10387,2.0
10182,3.0
3635,-0.0
13987,2.0
1156,1.0
21951,2.0
4232,2.0
12686,3.0
3126,3.0
11135,4.0
5175,1.0
21560,5.0
509,2.0
5854,3.0
15153,0.0
3359,2.0
6890,2.0
3895,0.0
20793,2.0
15704,0.0
20148,5.0
15970,2.0
3824,2.0
9589,1.0
6283,2.0
16730,3.0
7619,2.0
1706,2.0
20400,2.0
18112,5.0
18702,5.0
14683,2.0
12765,4.0
19580,1.0
9177,3.0
10914,5.0
6911,3.0
3389,2.0
14335,-0.0
4927,2.0
10009,3.0
5564,2.0
2177,2.0
13164,-0.0
10512,3.0
4561,0.0
14928,2.0
7061,4.0
3426,4.0
12290,3.0
10295,3.0
10913,4.0
9587,0.0
13747,0.0
7230,2.0
5958,5.0
20043,4.0
8998,1.0
14605,0.0
4706,4.0
8031,-0.0
18256,1.0
6829,5.0
17599,3.0
9771,0.0
14093,4.0
19716,5.0
21584,2.0
16809,2.0
20921,5.0
10846,1.0
18279,1.0
10670,4.0
14051,0.0
13003,5.0
8192,4.0
8894,3.0
18732,5.0
10664,3.0
18574,3.0
9597,3.0
5537,0.0
10549,4.0
15290,4.0
17092,0.0
17631,2.0
5759,-0.0
11477,-0.0
15975,4.0
9133,0.0
17839,2.0
8147,5.0
15367,3.0
21487,3.0
5451,4.0
644,4.0
2693,3.0
19747,2.0
3764,5.0
18971,0.0
19468,3.0
14556,2.0
17547,1.0
7721,1.0
6735,1.0
17610,3.0
5727,-0.0
19843,4.0
19384,4.0
8362,2.0
22176,2.0
14475,2.0
4143,-0.0
12832,-0.0
3024,4.0
13259,0.0
21425,4.0
4425,2.0
4585,1.0
20230,1.0
6987,4.0
1569,1.0
17721,3.0
9282,1.0
11233,2.0
5490,5.0
2250,1.0
11598,1.0
10526,2.0
12903,0.0
281,-0.0
16152,5.0
12481,1.0
5000,1.0
5419,0.0
15061,5.0
13099,3.0
12096,2.0
4035,2.0
2043,2.0
3212,5.0
2702,4.0
19101,4.0
14676,-0.0
6970,5.0
18657,4.0
3415,2.0
21369,4.0
20850,3.0
7031,3.0
2855,3.0
19345,3.0
15535,2.0
8921,1.0
3115,3.0
9840,4.0
14703,-0.0
14590,3.0
18366,2.0
14514,4.0
10235,4.0
15206,3.0
15961,4.0
1144,4.0
16028,1.0
5579,-0.0
8987,1.0
13063,3.0
5426,3.0
15225,2.0
16312,4.0
15558,3.0
2005,5.0
9142,0.0
3848,2.0
1801,0.0
11695,1.0
6323,-0.0
10057,-0.0
12797,2.0
17595,3.0
17147,1.0
10942,3.0
15909,1.0
21636,3.0
15707,4.0
20477,3.0
14369,3.0
13510,0.0
14483,1.0
17402,2.0
118,4.0
22375,3.0
15896,4.0
15864,1.0
19019,4.0
10566,3.0
5693,5.0
19736,5.0
17630,2.0
14381,3.0
6199,1.0
10126,3.0
18052,0.0
6986,0.0
20490,2.0
8229,5.0
13316,2.0
9937,1.0
7087,3.0
15388,2.0
10411,1.0
5885,2.0
19159,4.0
19532,5.0
17715,2.0
19758,1.0
14076,5.0
18311,2.0
4401,1.0
12853,2.0
4038,1.0
8819,3.0
17251,4.0
20421,-0.0
21957,2.0
16402,2.0
21241,-0.0
6450,1.0
7444,0.0
13314,3.0
15925,0.0
9455,0.0
1450,1.0
4126,0.0
7164,5.0
16643,5.0
14541,4.0
5767,1.0
2975,3.0
8051,2.0
13870,5.0
11977,-0.0
15275,1.0
14102,1.0
13732,1.0
13978,1.0
5266,1.0
8608,0.0
20286,0.0
338,3.0
16242,5.0
18707,1.0
891,2.0
7214,1.0
10655,4.0
20758,4.0
10636,5.0
20443,2.0
2387,4.0
5505,2.0
2289,3.0
2254,1.0
21774,2.0
21000,2.0
8746,5.0
7078,4.0
8702,5.0
14509,3.0
17076,0.0
3540,1.0
5327,0.0
12674,3.0
17154,0.0
2400,3.0
20578,2.0
7807,4.0
5484,4.0
19068,2.0
4656,3.0
13030,3.0
22224,2.0
5760,0.0
2205,4.0
19357,2.0
12944,3.0
4809,5.0
4450,4.0
9994,1.0
4666,0.0
8546,5.0
18437,4.0
2945,2.0
10542,3.0
8028,-0.0
3643,3.0
19575,3.0
16648,2.0
13923,5.0
15358,2.0
20478,3.0
2350,4.0
18278,1.0
19518,5.0
17265,2.0
18938,-0.0
8131,-0.0
1970,1.0
18300,4.0
11698,2.0
13667,2.0
19370,1.0
3826,2.0
5471,0.0
14379,3.0
13572,3.0
16565,2.0
7339,-0.0
21168,1.0
19676,5.0
13499,5.0
11239,2.0
11831,3.0
10041,1.0
12108,1.0
9786,5.0
3685,2.0
18110,-0.0
3352,1.0
3127,4.0
13659,3.0
16953,5.0
2342,2.0
10775,4.0
4153,1.0
2776,3.0
12552,2.0
2262,3.0
7495,0.0
13171,5.0
19487,1.0
13303,1.0
22313,2.0
18197,3.0
1796,2.0
6177,4.0
17485,3.0
10856,3.0
10482,3.0
10181,2.0
19307,2.0
14710,0.0
4862,2.0
9078,0.0
460,1.0
13048,4.0
4473,1.0
1964,3.0
1773,3.0
15616,5.0
7788,4.0
5613,4.0
2864,5.0
885,0.0
13126,3.0
16093,4.0
4559,2.0
9725,0.0
20679,1.0
5090,0.0
7583,4.0
22242,1.0
3662,3.0
8056,3.0
6906,4.0
12428,3.0
14288,1.0
9512,1.0
18201,4.0
20325,2.0
855,2.0
15604,2.0
13909,3.0
17918,-0.0
16043,2.0
13741,1.0
2339,2.0
157,1.0
3512,1.0
12895,1.0
6179,2.0
15982,2.0
16076,-0.0
8959,1.0
6164,2.0
21275,3.0
13826,3.0
7950,4.0
10085,1.0
15904,1.0
13648,0.0
9147,2.0
5956,1.0
1937,3.0
13897,4.0
20665,1.0
3061,2.0
10722,4.0
9185,1.0
5920,5.0
15209,3.0
4587,3.0
18722,3.0
11643,3.0
15381,1.0
10000,2.0
6851,1.0
12683,1.0
13709,4.0
16945,5.0
8781,5.0
18484,-0.0
18536,4.0
6195,-0.0
7866,4.0
5371,0.0
967,1.0
10138,3.0
5792,3.0
3736,0.0
15638,3.0
7667,2.0
19724,5.0
14638,-0.0
21229,4.0
11728,2.0
9197,2.0
15401,3.0
770,5.0
9403,5.0
10835,4.0
6042,1.0
11830,1.0
16935,5.0
1670,2.0
20149,1.0
3338,1.0
2063,2.0
20213,3.0
22058,5.0
6487,4.0
12855,0.0
18534,3.0
1984,1.0
22343,1.0
5592,5.0
5331,4.0
9895,2.0
2580,4.0
15432,1.0
2959,4.0
593,3.0
13948,4.0
12379,2.0
16140,5.0
5747,3.0
4230,2.0
2588,4.0
10895,5.0
14697,0.0
7445,5.0
1426,3.0
17539,1.0
15032,2.0
13018,3.0
10486,0.0
11468,2.0
17903,3.0
3408,1.0
22312,1.0
10189,3.0
20166,3.0
22274,2.0
3371,2.0
3293,4.0
5326,-0.0
16229,4.0
11967,0.0
4671,2.0
21417,3.0
10257,3.0
14755,3.0
19601,3.0
13042,2.0
3421,1.0
3184,3.0
20228,0.0
21057,3.0
10127,3.0
18097,2.0
6151,1.0
8616,2.0
8168,3.0
1357,0.0
6264,5.0
18956,2.0
20634,1.0
11898,0.0
2398,5.0
12531,1.0
11689,5.0
14767,2.0
409,1.0
13363,5.0
10043,4.0
18560,3.0
9955,1.0
8197,2.0
21036,3.0
13901,2.0
17320,0.0
8245,3.0
4465,0.0
20328,1.0
13273,3.0
20905,3.0
4072,1.0
21845,3.0
2431,1.0
11633,1.0
782,2.0
8261,3.0
10574,2.0
6754,1.0
9944,1.0
12266,2.0
17952,1.0
8420,1.0
18815,4.0
14167,1.0
17471,0.0
11093,5.0
4311,1.0
6980,2.0
3377,0.0
17625,0.0
7338,1.0
15953,5.0
12784,2.0
21047,0.0
3406,1.0
11325,1.0
22197,2.0
6531,4.0
19960,5.0
13963,2.0
2213,3.0
9292,3.0
11974,1.0
2631,3.0
2748,2.0
5504,0.0
724,2.0
10987,3.0
475,4.0
22275,2.0
6146,1.0
8312,5.0
17922,3.0
150,0.0
1033,2.0
17869,1.0
5840,0.0
4748,3.0
3190,1.0
5430,4.0
11211,5.0
19491,5.0
4693,2.0
16737,5.0
10117,3.0
16361,0.0
16371,5.0
15792,3.0
914,4.0
18962,4.0
5338,3.0
19681,5.0
4313,-0.0
4708,0.0
18689,5.0
15611,3.0
20444,0.0
19818,3.0
18528,1.0
17999,1.0
13616,1.0
22227,4.0
17339,5.0
3322,2.0
3688,0.0
5673,2.0
21976,4.0
11635,1.0
9350,4.0
497,3.0
5383,2.0
22332,3.0
8396,5.0
14868,3.0
11367,1.0
15710,4.0
7854,3.0
14848,3.0
14271,1.0
14878,2.0
15189,-0.0
20643,3.0
19247,5.0
13278,2.0
8551,5.0
4369,3.0
16569,4.0
6668,2.0
18836,4.0
13209,0.0
20987,3.0
3658,0.0
2276,2.0
6117,1.0
18161,1.0
19297,3.0
20300,3.0
1922,3.0
3983,5.0
17815,1.0
14566,5.0
18140,2.0
21027,1.0
5835,5.0
11850,2.0
6991,2.0
16079,2.0
3797,0.0
7604,3.0
21511,2.0
13940,4.0
16972,3.0
2470,0.0
18540,1.0
19336,1.0
5091,4.0
15733,5.0
17355,3.0
2482,2.0
3724,3.0
7229,1.0
5192,4.0
6034,5.0
10909,5.0
10930,5.0
22131,2.0
13420,3.0
14610,-0.0
12967,3.0
4027,4.0
8818,1.0
19680,5.0
14618,0.0
16048,4.0
7865,5.0
1008,1.0
7500,3.0
4017,4.0
6157,3.0
19932,2.0
19920,0.0
13046,3.0
11335,1.0
16359,5.0
1839,-0.0
3667,3.0
4082,2.0
12590,3.0
6808,3.0
7196,1.0
15413,5.0
2901,5.0
15190,2.0
15494,2.0
8278,3.0
6873,0.0
9255,3.0
8543,2.0
17371,4.0
5881,2.0
10688,4.0
14645,0.0
9581,2.0
14246,2.0
2887,5.0
6039,0.0
3086,1.0
5985,3.0
9660,0.0
17367,0.0
20657,3.0
3595,3.0
10845,1.0
6559,1.0
4746,1.0
6114,0.0
4375,0.0
17229,2.0
10821,5.0
18680,5.0
6816,2.0
3125,1.0
13937,2.0
9175,2.0
20156,2.0
2792,1.0
1403,1.0
20583,1.0
10633,1.0
15948,3.0
4110,4.0
19632,1.0
11230,0.0
12619,5.0
11535,4.0
4813,3.0
16576,2.0
13244,0.0
1410,1.0
4758,0.0
9303,4.0
2508,4.0
16927,5.0
21175,5.0
5325,4.0
3221,2.0
12825,3.0
14112,2.0
1285,0.0
13566,3.0
18352,2.0
11653,2.0
22032,3.0
2666,4.0
17018,3.0
15485,5.0
15192,0.0
2687,5.0
4079,1.0
15276,3.0
17498,4.0
6072,3.0
21751,2.0
16332,4.0
20598,2.0
5508,5.0
16842,3.0
20448,1.0
15901,4.0
18238,4.0
15927,1.0
17938,0.0
11945,4.0
15046,1.0
9480,2.0
6,0.0
20197,1.0
2323,5.0
4943,0.0
5550,5.0
10314,3.0
10156,3.0
8667,3.0
7679,0.0
20066,4.0
9562,1.0
12155,-0.0
9755,3.0
5574,2.0
10742,2.0
19780,4.0
240,1.0
12210,4.0
9237,3.0
18164,-0.0
850,1.0
10626,4.0
9405,3.0
5052,3.0
9717,2.0
8925,1.0
8122,1.0
1302,-0.0
17806,0.0
16620,5.0
12608,4.0
7614,2.0
20494,2.0
6528,3.0
11536,2.0
16874,4.0
1933,2.0
541,4.0
16130,2.0
22209,2.0
1858,5.0
13275,3.0
12000,2.0
2083,2.0
14109,1.0
10685,3.0
9206,0.0
21788,3.0
19330,2.0
3153,3.0
292,1.0
7172,0.0
17016,2.0
9342,5.0
18516,4.0
10921,5.0
8942,-0.0
17604,2.0
13612,4.0
14844,4.0
13016,3.0
5830,-0.0
11802,2.0
6672,3.0
7819,5.0
4300,3.0
2954,4.0
11149,5.0
22144,4.0
4590,2.0
8993,3.0
10079,4.0
17015,5.0
15426,4.0
1275,1.0
10853,2.0
15512,2.0
21973,5.0
15750,5.0
7972,0.0
10897,4.0
5856,5.0
12224,3.0
16311,0.0
6064,2.0
2395,4.0
2371,3.0
14787,1.0
16889,4.0
10716,4.0
843,0.0
15392,-0.0
7823,-0.0
4682,1.0
4154,4.0
1145,2.0
2136,3.0
4900,3.0
924,2.0
417,1.0
20998,0.0
13846,3.0
9948,0.0
11435,2.0
4251,1.0
20664,-0.0
15469,5.0
16167,3.0
14837,0.0
827,2.0
3698,4.0
8843,3.0
14743,4.0
12375,4.0
11033,3.0
7361,2.0
17699,2.0
17949,-0.0
15763,-0.0
3532,0.0
16997,5.0
19946,0.0
11714,4.0
14283,5.0
21449,3.0
14336,-0.0
3968,3.0
3449,1.0
21668,2.0
7925,1.0
18791,1.0
19397,3.0
11688,5.0
20859,1.0
658,1.0
10432,1.0
11049,3.0
9992,3.0
18826,3.0
1751,1.0
18099,3.0
13386,5.0
17356,2.0
21405,5.0
21948,-0.0
10153,3.0
13268,5.0
13570,5.0
15071,5.0
7895,0.0
20021,4.0
17797,2.0
15890,0.0
14897,2.0
14524,1.0
21161,4.0
1447,3.0
14471,2.0
7742,0.0
2035,0.0
8425,3.0
21109,2.0
21968,5.0
14996,0.0
3738,1.0
21077,5.0
20090,-0.0
3846,3.0
3077,4.0
857,1.0
21191,1.0
11820,1.0
19809,2.0
5398,3.0
18515,2.0
18244,-0.0
21907,1.0
4941,5.0
1710,2.0
8392,5.0
6592,2.0
12582,3.0
13888,5.0
13143,2.0
14279,4.0
3780,3.0
350,-0.0
19867,2.0
7305,2.0
8373,5.0
18580,1.0
17733,4.0
5457,3.0
2242,2.0
20014,1.0
2236,4.0
11013,3.0
20858,4.0
9236,1.0
12831,2.0
21958,5.0
18182,0.0
4852,4.0
4755,3.0
12524,3.0
10023,4.0
18120,3.0
1633,2.0
18109,3.0
9612,2.0
8091,-0.0
21172,0.0
5189,4.0
1203,4.0
6821,0.0
6752,2.0
20388,5.0
3610,4.0
3316,0.0
8624,3.0
6360,-0.0
8567,4.0
11394,5.0
12063,1.0
3261,5.0
20862,2.0
14023,5.0
3704,-0.0
3678,2.0
15394,4.0
3556,3.0
22324,2.0
12926,0.0
16058,3.0
10329,2.0
22196,1.0
14434,5.0
15370,1.0
1893,2.0
5288,4.0
11371,2.0
13756,-0.0
2533,4.0
15075,4.0
12680,4.0
1465,4.0
19672,3.0
17218,2.0
3432,4.0
21497,3.0
11663,5.0
3011,4.0
11995,3.0
9420,2.0
2784,2.0
11402,1.0
14490,2.0
9531,4.0
5286,2.0
10678,1.0
7376,0.0
13938,3.0
6926,1.0
19898,5.0
2846,-0.0
8503,4.0
17648,2.0
15942,3.0
7948,4.0
1754,2.0
17487,1.0
22289,0.0
1547,3.0
21233,3.0
7534,1.0
14797,2.0
7936,0.0
18664,3.0
21008,1.0
1211,2.0
16224,2.0
8438,4.0
7731,3.0
6222,2.0
10819,5.0
1487,1.0
6349,2.0
19438,1.0
8467,5.0
5576,2.0
14428,1.0
1424,0.0
2603,3.0
13248,5.0
9798,2.0
12556,3.0
22016,3.0
6642,1.0
13687,4.0
661,3.0
14811,0.0
22066,3.0
3677,-0.0
1949,0.0
158,0.0
19764,4.0
11936,2.0
122,1.0
21842,1.0
8886,0.0
16647,1.0
6281,3.0
22097,3.0
15128,2.0
21297,1.0
11347,4.0
16258,4.0
20743,5.0
19351,5.0
21002,1.0
10111,3.0
9012,0.0
98,0.0
17921,2.0
17275,3.0
7537,3.0
8442,5.0
11909,0.0
16721,3.0
731,1.0
7655,1.0
9599,1.0
9496,3.0
20171,4.0
8049,3.0
17636,0.0
12136,1.0
18281,1.0
4624,4.0
19907,5.0
20760,2.0
400,2.0
10366,0.0
14723,4.0
2871,3.0
20189,4.0
9637,0.0
9254,2.0
8181,-0.0
13181,4.0
2608,0.0
13057,5.0
2757,2.0
7827,1.0
19567,4.0
5101,4.0
14103,0.0
5010,1.0
11320,2.0
6739,4.0
19523,2.0
14399,2.0
7816,5.0
8907,3.0
15768,3.0
5984,4.0
6939,3.0
17357,2.0
20246,3.0
22127,5.0
4875,2.0
11206,4.0
18712,5.0
5642,5.0
10829,4.0
72,2.0
12500,4.0
1509,0.0
19791,5.0
19208,1.0
12423,2.0
17981,-0.0
12900,3.0
18181,2.0
16883,2.0
204,3.0
11614,5.0
19385,5.0
15654,0.0
1352,3.0
14026,5.0
7676,5.0
18103,3.0
22130,5.0
21813,5.0
19054,2.0
3872,1.0
8041,-0.0
4044,3.0
1648,3.0
15265,2.0
20130,2.0
1448,1.0
780,2.0
10493,4.0
12915,3.0
11833,3.0
2873,4.0
8411,5.0
9936,3.0
6294,3.0
22174,3.0
12162,2.0
1997,3.0
11423,0.0
5075,4.0
1945,-0.0
10781,0.0
9837,2.0
19891,5.0
14094,1.0
10839,3.0
17933,2.0
6220,4.0
9619,3.0
288,1.0
3272,5.0
5982,5.0
1038,4.0
2452,3.0
11503,-0.0
14156,1.0
21814,3.0
11110,3.0
13930,5.0
4076,0.0
9857,3.0
7613,2.0
5819,0.0
817,1.0
18768,1.0
17032,5.0
6087,1.0
14373,3.0
425,2.0
16632,3.0
10732,0.0
21916,2.0
4652,4.0
9377,2.0
18903,4.0
6966,3.0
11713,0.0
8272,0.0
548,2.0
685,5.0
11518,2.0
13789,4.0
7524,3.0
3560,0.0
20194,0.0
20391,2.0
9259,4.0
17716,3.0
6839,1.0
4672,-0.0
4094,1.0
1832,1.0
16500,5.0
5073,0.0
10883,2.0
13023,1.0
1905,2.0
2497,3.0
8285,2.0
18114,3.0
2515,2.0
7744,1.0
11196,5.0
16180,1.0
8177,4.0
8776,5.0
8228,3.0
20071,1.0
14004,5.0
12767,1.0
18843,3.0
8863,-0.0
7525,5.0
14118,-0.0
10313,5.0
3284,1.0
10804,3.0
9246,2.0
5968,-0.0
9338,2.0
1681,0.0
17849,1.0
12991,3.0
20044,1.0
19536,3.0
9818,3.0
15056,2.0
10460,3.0
17207,3.0
8133,2.0
7007,3.0
18343,2.0
21199,5.0
19423,2.0
14914,4.0
16304,3.0
7766,1.0
5476,3.0
12999,1.0
7907,3.0
18169,1.0
16969,5.0
11565,2.0
11030,5.0
22034,5.0
2439,4.0
17698,2.0
17041,4.0
17726,5.0
886,1.0
9046,2.0
14395,4.0
485,-0.0
20434,2.0
11162,-0.0
19018,5.0
3357,0.0
1221,4.0
9340,0.0
6898,-0.0
12555,2.0
18455,4.0
18987,5.0
20712,0.0
20925,0.0
6158,1.0
1387,-0.0
117,0.0
8743,5.0
16259,5.0
14057,1.0
15033,5.0
16998,4.0
2303,3.0
5129,3.0
1996,1.0
14318,2.0
9067,2.0
6408,3.0
19489,1.0
19211,2.0
6155,3.0
18136,2.0
11300,0.0
2092,1.0
9478,0.0
17930,4.0
3874,1.0
10007,3.0
3175,5.0
19216,5.0
12478,3.0
347,4.0
8900,2.0
9778,2.0
16514,3.0
3096,2.0
13626,2.0
21249,5.0
10625,4.0
8394,3.0
8614,5.0
3412,2.0
16198,2.0
12054,1.0
6660,2.0
3755,1.0
3947,2.0
21493,4.0
11165,4.0
8212,2.0
20040,-0.0
20781,1.0
15268,-0.0
20622,2.0
21088,5.0
14936,3.0
9266,3.0
19167,2.0
12186,3.0
12184,0.0
20173,3.0
16476,2.0
5972,3.0
19703,3.0
12152,3.0
13699,5.0
9933,2.0
4430,2.0
18658,0.0
248,3.0
18503,4.0
15608,0.0
19841,1.0
3118,3.0
5080,3.0
12326,2.0
3579,3.0
6883,0.0
20182,1.0
5820,4.0
6772,4.0
13565,5.0
8720,-0.0
15613,3.0
32,4.0
7641,2.0
5171,5.0
3447,1.0
11702,4.0
20899,4.0
5516,1.0
1428,2.0
14170,0.0
18829,5.0
14116,1.0
4416,4.0
10349,2.0
7960,3.0
7312,0.0
4797,5.0
13485,5.0
2914,4.0
1646,2.0
10152,3.0
20347,1.0
21952,3.0
12742,2.0
1294,-0.0
21039,5.0
18259,2.0
444,2.0
7645,2.0
2907,3.0
15147,3.0
909,4.0
11782,-0.0
20010,1.0
15173,1.0
4647,5.0
9269,0.0
12197,3.0
9650,1.0
2016,1.0
7713,4.0
8294,3.0
6271,1.0
16186,4.0
64,3.0
1943,5.0
2811,3.0
10721,1.0
18582,3.0
18407,2.0
7979,3.0
5914,5.0
19483,2.0
21437,5.0
10341,3.0
15408,2.0
22326,0.0
14398,5.0
20880,5.0
1794,4.0
15592,1.0
10254,4.0
9153,-0.0
10888,1.0
8860,4.0
12315,4.0
13954,5.0
8431,4.0
10937,1.0
9201,-0.0
7660,1.0
3507,2.0
12522,0.0
18199,4.0
22386,3.0
19048,4.0
14518,0.0
12426,2.0
16326,3.0
15224,-0.0
20114,-0.0
6018,5.0
11546,5.0
1337,2.0
1341,0.0
19331,2.0
9640,2.0
14584,3.0
10477,4.0
3123,5.0
12910,3.0
17755,3.0
18855,3.0
15017,0.0
10450,4.0
11504,5.0
18916,2.0
14274,1.0
12887,4.0
17891,4.0
11623,0.0
19980,3.0
14138,3.0
11591,1.0
4497,2.0
4106,3.0
1686,3.0
19905,3.0
21993,5.0
19954,0.0
13037,3.0
7236,4.0
18327,-0.0
3393,3.0
16547,5.0
7749,1.0
4963,2.0
6868,1.0
2996,2.0
2434,2.0
22382,2.0
14163,1.0
11138,3.0
9182,0.0
15579,3.0
19609,5.0
3358,2.0
2292,3.0
21972,4.0
12698,4.0
18263,2.0
15305,-0.0
10390,4.0
758,2.0
4052,1.0
6870,1.0
5821,3.0
4971,-0.0
4161,1.0
432,0.0
15405,5.0
17077,3.0
3239,3.0
2594,5.0
12032,1.0
10468,1.0
8618,3.0
17372,1.0
14994,2.0
16616,3.0
17724,3.0
18092,2.0
20003,3.0
9044,-0.0
8814,4.0
3976,2.0
21945,2.0
18900,3.0
8240,3.0
10317,4.0
1456,4.0
21182,1.0
7138,-0.0
6794,4.0
12061,2.0
8511,5.0
12431,2.0
13533,4.0
12377,4.0
20460,0.0
19278,1.0
8250,3.0
8005,5.0
5494,5.0
2903,5.0
17632,3.0
16933,2.0
9207,3.0
3842,1.0
6332,-0.0
17142,-0.0
11147,3.0
7567,0.0
16885,5.0
13172,3.0
19737,5.0
9162,1.0
18453,3.0
18020,0.0
20088,3.0
6492,5.0
14129,3.0
20700,3.0
2621,1.0
8873,4.0
9218,3.0
3324,4.0
8549,4.0
21835,4.0
18863,5.0
18135,2.0
7398,3.0
7685,3.0
14250,-0.0
5879,1.0
22195,5.0
1258,2.0
5858,1.0
14768,-0.0
21345,5.0
8189,3.0
17974,1.0
22152,2.0
20529,1.0
13731,3.0
7208,1.0
11585,4.0
8328,0.0
20774,0.0
17646,2.0
562,4.0
1809,2.0
18266,3.0
5942,5.0
16004,3.0
17851,2.0
16483,5.0
406,3.0
15289,2.0
16219,4.0
21245,4.0
8858,2.0
16201,5.0
20550,1.0
15615,4.0
22068,1.0
14820,2.0
19903,3.0
10437,3.0
1914,3.0
6534,1.0
2415,3.0
2803,5.0
18685,2.0
18469,2.0
11351,2.0
8331,0.0
17094,5.0
17834,4.0
14967,-0.0
17643,2.0
3356,2.0
12601,-0.0
3154,5.0
16029,3.0
22367,1.0
8615,5.0
2408,4.0
11682,5.0
14059,1.0
7151,3.0
17954,3.0
1665,3.0
5355,2.0
10368,4.0
10474,1.0
4591,-0.0
9690,2.0
17182,1.0
18069,4.0
1072,2.0
1734,3.0
17513,3.0
21846,5.0
15827,2.0
3790,0.0
317,5.0
10215,3.0
5666,2.0
3513,0.0
19667,5.0
7575,5.0
9981,2.0
7478,3.0
2547,3.0
20847,0.0
14841,4.0
12202,0.0
19398,5.0
13656,2.0
14845,0.0
11708,3.0
16241,5.0
10579,4.0
21305,3.0
18252,4.0
15962,3.0
18468,1.0
11344,3.0
18555,5.0
1177,-0.0
7121,3.0
15330,4.0
19311,5.0
20792,2.0
20065,2.0
13637,0.0
13424,1.0
17398,2.0
5756,0.0
21639,2.0
2297,3.0
15813,5.0
1585,-0.0
5726,2.0
20690,2.0
14482,1.0
4522,4.0
8570,2.0
6820,3.0
21443,4.0
8469,2.0
10903,5.0
3697,-0.0
22010,4.0
10119,0.0
18819,5.0
9966,3.0
18188,3.0
14458,-0.0
6560,1.0
21783,2.0
651,5.0
21801,5.0
16055,3.0
19028,2.0
10042,2.0
19740,4.0
19927,5.0
10617,2.0
22021,3.0
13423,3.0
20441,-0.0
20817,4.0
19454,1.0
8247,5.0
3980,5.0
1498,0.0
13297,3.0
6667,2.0
19832,5.0
18334,3.0
7331,2.0
11877,0.0
18122,1.0
14380,1.0
8443,4.0
7239,0.0
2805,3.0
21806,5.0
1940,3.0
20322,1.0
2462,4.0
3065,2.0
3273,2.0
13441,2.0
19873,2.0
13222,2.0
11659,3.0
530,5.0
1449,3.0
6747,3.0
19598,5.0
14902,4.0
3734,5.0
22352,3.0
19202,3.0
1356,1.0
15798,2.0
11035,4.0
15802,4.0
19521,5.0
11905,-0.0
3541,1.0
20081,5.0
4407,2.0
3385,1.0
15118,3.0
16184,4.0
6441,1.0
18510,2.0
15859,3.0
15346,2.0
5495,3.0
13438,4.0
11697,2.0
14147,-0.0
1815,1.0
20991,3.0
2039,5.0
5131,5.0
16801,4.0
2891,2.0
10372,5.0
10345,2.0
14764,2.0
18851,2.0
13480,5.0
2698,3.0
7642,1.0
20994,4.0
18292,3.0
7978,5.0
10902,2.0
8750,3.0
557,1.0
19277,4.0
16195,5.0
20777,0.0
9815,2.0
10065,5.0
17383,3.0
8030,4.0
2420,3.0
9360,3.0
11902,1.0
14874,2.0
7796,3.0
13847,3.0
8208,1.0
2782,1.0
18748,2.0
14754,-0.0
18629,2.0
16880,2.0
20165,-0.0
4460,0.0
10146,3.0
6392,1.0
18524,2.0
15112,1.0
8861,3.0
12677,5.0
8213,5.0
11484,1.0
20763,1.0
16733,2.0
15478,4.0
14045,2.0
13958,5.0
14941,3.0
1907,2.0
16719,2.0
1427,2.0
11329,1.0
3342,3.0
18399,3.0
12022,1.0
16911,4.0
12052,3.0
16825,2.0
7526,1.0
4183,4.0
17884,2.0
21254,2.0
6385,0.0
21568,2.0
12267,0.0
8658,3.0
17557,1.0
7918,3.0
20392,3.0
17181,2.0
15108,3.0
3052,3.0
20457,2.0
16823,5.0
12354,2.0
11998,3.0
5781,0.0
10360,1.0
22193,4.0
378,0.0
9323,3.0
19936,3.0
7470,5.0
5521,0.0
12348,3.0
7661,2.0
10952,4.0
16291,4.0
14136,2.0
8633,4.0
17009,5.0
1598,-0.0
10051,1.0
17935,2.0
16557,5.0
8971,1.0
3598,3.0
20336,0.0
13720,5.0
12736,1.0
18635,5.0
9398,-0.0
1712,2.0
9248,0.0
16524,5.0
13993,4.0
6212,1.0
18175,0.0
9120,1.0
14055,2.0
4070,0.0
10946,3.0
907,5.0
14007,3.0
8095,3.0
20772,4.0
18631,4.0
2561,-0.0
21989,5.0
13896,4.0
18450,4.0
4910,4.0
14612,3.0
5130,2.0
1658,3.0
17907,2.0
14060,5.0
8026,2.0
15789,2.0
15328,3.0
1795,2.0
4440,2.0
12692,5.0
20680,2.0
20204,3.0
21876,3.0
21932,3.0
15534,4.0
2761,3.0
14833,4.0
6044,2.0
12932,5.0
15043,3.0
4795,3.0
9194,1.0
24,2.0
12676,2.0
4338,1.0
11015,5.0
17244,1.0
18415,0.0
1607,3.0
7915,0.0
20691,4.0
1235,2.0
8529,4.0
14180,1.0
20505,3.0
15559,3.0
3951,1.0
11841,-0.0
14513,5.0
3287,2.0
11719,3.0
6872,3.0
1514,3.0
15642,2.0
18660,4.0
12980,3.0
1950,5.0
13750,0.0
16942,4.0
5805,3.0
1382,1.0
10826,5.0
6917,2.0
3791,1.0
10796,0.0
13065,3.0
21082,1.0
11729,5.0
9737,3.0
2004,2.0
19435,5.0
16325,4.0
5083,5.0
1788,2.0
18982,2.0
683,3.0
4386,1.0
6682,4.0
3804,1.0
5931,1.0
2437,-0.0
19108,4.0
20617,0.0
3621,2.0
11636,1.0
7835,3.0
2313,-0.0
4422,3.0
15689,5.0
16358,2.0
7265,2.0
20273,4.0
17665,3.0
20737,5.0
5768,3.0
6591,-0.0
17222,0.0
13365,4.0
10573,2.0
17117,0.0
13977,3.0
17660,3.0
3500,3.0
11810,2.0
3195,3.0
20778,2.0
3318,0.0
66,4.0
8086,5.0
20560,0.0
7176,5.0
4215,0.0
13341,0.0
20981,3.0
5561,5.0
16626,3.0
3550,1.0
17546,3.0
363,3.0
14430,1.0
18432,4.0
9987,3.0
9300,5.0
11298,2.0
16289,3.0
1259,3.0
19459,3.0
15530,3.0
9735,5.0
5627,3.0
2538,3.0
9268,4.0
21805,3.0
11717,1.0
17558,3.0
2153,3.0
19002,5.0
7288,-0.0
8125,4.0
15151,3.0
18693,4.0
20965,1.0
4288,5.0
18389,4.0
19732,5.0
1490,1.0
3969,2.0
16394,5.0
7561,4.0
3548,4.0
14551,2.0
740,1.0
14390,3.0
12550,2.0
11374,2.0
4033,0.0
8487,4.0
4982,0.0
387,3.0
6457,1.0
15327,0.0
18474,1.0
18118,2.0
17666,3.0
10401,3.0
22075,3.0
3603,2.0
8244,5.0
2133,4.0
9783,1.0
19733,2.0
36,0.0
17479,3.0
18825,4.0
22229,4.0
5583,1.0
3416,1.0
13306,3.0
522,2.0
11419,2.0
7302,1.0
8301,5.0
20430,2.0
12451,4.0
17159,2.0
4447,0.0
22291,2.0
1118,1.0
2180,3.0
16906,4.0
20350,3.0
7757,3.0
19436,3.0
13045,0.0
13381,1.0
16980,3.0
11978,2.0
4280,2.0
16987,3.0
4533,5.0
21843,2.0
4557,1.0
13876,1.0
16629,2.0
19492,5.0
17280,2.0
22134,2.0
16489,3.0
20893,0.0
10881,5.0
7714,3.0
4124,0.0
13743,1.0
19401,4.0
15740,1.0
20074,3.0
86,2.0
19425,2.0
3722,3.0
4252,2.0
2883,2.0
13192,1.0
1288,2.0
11827,0.0
9559,2.0
15393,0.0
16924,2.0
20410,2.0
7805,3.0
11008,5.0
12174,0.0
19464,5.0
5556,1.0
4089,2.0
4330,2.0
21891,5.0
17236,1.0
8059,0.0
15191,-0.0
13071,4.0
8042,3.0
670,3.0
13257,5.0
11088,2.0
1455,3.0
20359,1.0
1639,3.0
9697,1.0
2634,4.0
15177,1.0
9727,1.0
3850,0.0
7466,0.0
3745,1.0
15928,0.0
2597,3.0
12170,3.0
2065,4.0
7081,5.0
18264,4.0
3301,2.0
8880,3.0
1376,2.0
384,0.0
19763,5.0
3923,3.0
1433,2.0
9705,1.0
17240,4.0
10969,5.0
21594,5.0
4646,3.0
9231,0.0
10452,2.0
21569,3.0
12661,4.0
6241,1.0
11163,5.0
6125,1.0
6173,0.0
11401,1.0
2987,4.0
12637,3.0
594,4.0
10730,1.0
16700,2.0
5166,2.0
4662,2.0
10674,2.0
19244,2.0
1530,3.0
3472,4.0
5001,3.0
4123,-0.0
20210,4.0
10601,4.0
18538,2.0
20577,5.0
13327,1.0
16306,2.0
1643,4.0
8008,0.0
14624,3.0
7904,4.0
9676,2.0
12494,2.0
12309,3.0
5967,3.0
1535,2.0
13477,4.0
10965,4.0
14302,-0.0
726,3.0
20083,1.0
18177,4.0
5921,2.0
5093,2.0
4505,4.0
5531,1.0
18225,3.0
19501,4.0
1519,4.0
12635,1.0
14965,0.0
8297,-0.0
12390,-0.0
446,3.0
1663,4.0
2615,5.0
20985,4.0
22381,2.0
435,5.0
2268,2.0
14128,4.0
1059,-0.0
9108,4.0
4800,2.0
15361,0.0
13878,5.0
20005,2.0
6603,3.0
10524,3.0
14720,3.0
21312,3.0
2315,0.0
8522,2.0
14376,3.0
15538,3.0
14234,0.0
17190,1.0
3044,3.0
21356,4.0
18530,3.0
14583,5.0
21693,-0.0
7135,3.0
16301,1.0
7546,0.0
5832,3.0
8999,2.0
12406,4.0
4297,0.0
14212,5.0
20383,2.0
13712,5.0
9720,3.0
15944,3.0
10830,5.0
19757,5.0
21471,5.0
12735,4.0
6085,1.0
796,2.0
5811,0.0
5186,3.0
18509,5.0
4073,0.0
552,1.0
3446,3.0
1714,0.0
10844,5.0
2131,1.0
6726,1.0
18483,1.0
4446,1.0
1162,1.0
4940,4.0
14817,0.0
18168,1.0
702,1.0
12888,4.0
1728,2.0
2011,1.0
19754,5.0
8127,3.0
9086,4.0
20056,3.0
226,4.0
14442,2.0
13318,5.0
21796,4.0
637,3.0
753,0.0
20950,3.0
10303,1.0
12414,1.0
19516,3.0
1884,3.0
18048,2.0
12842,2.0
7351,2.0
19594,0.0
18626,5.0
2429,2.0
16307,5.0
11105,4.0
3943,2.0
19177,1.0
15972,5.0
7501,4.0
16286,5.0
20412,5.0
21162,3.0
4075,3.0
1398,0.0
13002,3.0
4955,5.0
8958,1.0
3345,2.0
5412,5.0
2045,-0.0
3844,1.0
21632,5.0
20521,0.0
8495,4.0
17910,0.0
5464,4.0
17707,2.0
9440,1.0
18858,4.0
14314,2.0
506,5.0
7547,3.0
15277,-0.0
21381,5.0
14266,1.0
19901,3.0
11118,5.0
3223,5.0
1669,2.0
5514,3.0
22115,3.0
11806,2.0
246,2.0
9784,4.0
12885,4.0
7860,2.0
15514,3.0
78,2.0
9471,1.0
3907,1.0
8071,1.0
18523,1.0
9609,2.0
19880,4.0
225,1.0
19217,5.0
18708,2.0
15223,1.0
20795,1.0
18039,1.0
6080,4.0
13548,3.0
21335,5.0
2090,4.0
21844,4.0
11310,2.0
18694,2.0
5486,3.0
3960,1.0
20844,4.0
16775,3.0
9367,0.0
1878,1.0
18042,1.0
6488,2.0
12387,0.0
19000,2.0
3038,5.0
7544,2.0
20815,4.0
13624,5.0
22346,2.0
691,4.0
11612,4.0
11990,3.0
17151,1.0
15069,-0.0
14002,3.0
11277,2.0
17515,1.0
15590,3.0
17772,3.0
3592,2.0
17657,0.0
12220,1.0
4766,4.0
111,2.0
21686,3.0
20509,1.0
20708,2.0
20951,0.0
15207,5.0
22359,3.0
7778,4.0
11161,4.0
21349,1.0
15805,3.0
5059,3.0
1568,2.0
21673,5.0
6228,1.0
13401,1.0
20203,1.0
10958,5.0
16328,5.0
12697,2.0
9276,2.0
4150,2.0
6438,-0.0
8336,3.0
9090,1.0
10255,5.0
4686,2.0
2117,2.0
2464,3.0
19264,5.0
17429,2.0
1527,1.0
13874,5.0
16432,0.0
1191,3.0
5330,5.0
18239,3.0
17483,3.0
18377,3.0
8219,3.0
21878,5.0
4276,3.0
5551,0.0
9694,2.0
14036,3.0
13854,1.0
11483,1.0
4119,2.0
20982,2.0
20411,1.0
15658,2.0
2044,-0.0
887,3.0
14989,3.0
19455,1.0
22213,-0.0
19985,3.0
18749,1.0
13971,3.0
20037,1.0
19301,2.0
16517,5.0
13328,1.0
433,-0.0
131,1.0
18590,3.0
19971,5.0
4799,2.0
4305,4.0
10919,4.0
7083,4.0
18154,3.0
5301,2.0
7038,0.0
21589,3.0
17895,4.0
7426,-0.0
9251,4.0
8741,4.0
11029,0.0
15683,3.0
10238,3.0
3904,1.0
9938,1.0
16039,5.0
9249,0.0
11772,1.0
3146,1.0
13433,2.0
6813,1.0
10696,5.0
19046,5.0
972,4.0
1499,2.0
9096,0.0
8892,5.0
21975,3.0
8879,0.0
9887,-0.0
19186,3.0
1874,3.0
16262,5.0
16236,2.0
12894,1.0
4949,2.0
17538,0.0
20832,5.0
8651,5.0
13736,5.0
2003,1.0
10936,3.0
3965,2.0
8871,5.0
22189,5.0
2923,4.0
12795,3.0
8236,4.0
16965,4.0
15083,2.0
123,0.0
12001,2.0
16393,5.0
2059,4.0
14326,0.0
15152,3.0
3395,2.0
10503,2.0
8410,2.0
18740,4.0
22133,3.0
10956,5.0
12862,5.0
14349,5.0
4121,1.0
10048,1.0
20055,1.0
20047,-0.0
537,3.0
21765,3.0
743,1.0
1935,2.0
5903,5.0
8045,-0.0
7825,2.0
13603,0.0
13340,2.0
5746,2.0
13594,5.0
922,2.0
17759,1.0
7336,3.0
8108,3.0
13148,2.0
3168,2.0
153,1.0
18883,4.0
7554,0.0
7467,1.0
21395,3.0
15591,-0.0
10459,3.0
7964,4.0
17324,3.0
6350,3.0
1117,1.0
14352,1.0
14528,3.0
12957,4.0
11012,2.0
1208,1.0
8845,2.0
1813,3.0
2160,5.0
68,3.0
19124,5.0
20913,5.0
16740,3.0
4973,5.0
22389,3.0
17369,5.0
21737,5.0
19387,3.0
6857,2.0
10013,4.0
1860,4.0
4937,5.0
7793,-0.0
700,1.0
12653,5.0
17120,3.0
3094,5.0
21476,5.0
9432,0.0
4388,1.0
4296,2.0
3492,4.0
7549,-0.0
14901,1.0
6918,-0.0
4492,4.0
17565,2.0
20726,0.0
22345,1.0
19340,3.0
6029,5.0
12196,0.0
3450,2.0
13889,5.0
880,0.0
3353,2.0
19166,3.0
12420,-0.0
21246,-0.0
6818,1.0
5812,2.0
17184,1.0
4498,1.0
15565,1.0
10221,1.0
7568,3.0
1230,0.0
8034,5.0
19105,3.0
17111,5.0
6440,2.0
13902,1.0
9485,4.0
11747,3.0
3386,5.0
542,3.0
13028,2.0
7897,-0.0
21881,4.0
11982,4.0
15951,2.0
5786,2.0
9978,1.0
14295,4.0
14929,-0.0
4417,3.0
5085,4.0
286,2.0
5162,0.0
798,0.0
22064,2.0
6799,-0.0
8757,3.0
3488,-0.0
22226,5.0
8176,0.0
3886,3.0
15746,2.0
2174,2.0
9844,4.0
3145,2.0
2369,-0.0
5043,4.0
2918,4.0
19349,3.0
576,1.0
9546,0.0
9527,2.0
18382,2.0
17614,0.0
11091,4.0
1650,-0.0
9065,1.0
2419,2.0
16898,5.0
4669,4.0
392,-0.0
10140,5.0
12062,1.0
318,4.0
17470,2.0
2927,3.0
2334,3.0
3527,0.0
7574,3.0
6535,2.0
22308,1.0
5587,0.0
17966,3.0
18554,4.0
8926,3.0
5049,1.0
18078,2.0
22325,0.0
1413,1.0
12378,-0.0
12542,0.0
9506,0.0
5949,5.0
9851,1.0
4560,3.0
3605,2.0
11258,2.0
11690,5.0
14339,3.0
19850,-0.0
18955,3.0
20651,2.0
6501,4.0
8449,4.0
6056,0.0
20666,1.0
22063,3.0
4092,3.0
16497,0.0
14788,1.0
5304,5.0
11493,1.0
19142,3.0
10624,4.0
11316,1.0
5536,2.0
2218,-0.0
4343,-0.0
18404,5.0
3648,1.0
6913,0.0
3040,5.0
8058,4.0
20243,2.0
7231,2.0
4520,1.0
16034,3.0
1122,1.0
3382,2.0
14637,2.0
11590,4.0
4882,5.0
17026,2.0
1903,5.0
17647,4.0
6943,1.0
10541,2.0
10279,3.0
19099,2.0
3587,-0.0
11696,3.0
12679,4.0
15732,-0.0
6462,-0.0
22241,2.0
22013,3.0
5790,4.0
20939,2.0
19795,4.0
20449,0.0
9315,3.0
5040,0.0
10293,2.0
20618,0.0
220,-0.0
12701,2.0
14752,0.0
14370,3.0
9528,2.0
10027,-0.0
6339,4.0
16554,2.0
18872,1.0
3636,1.0
12958,5.0
22413,1.0
10627,4.0
17278,1.0
15801,0.0
15898,4.0
7754,3.0
12681,-0.0
4307,5.0
13274,5.0
13518,2.0
20957,2.0
19654,5.0
5584,1.0
19091,3.0
6576,1.0
17141,2.0
15347,1.0
20112,1.0
3069,3.0
17350,5.0
18439,5.0
19227,1.0
16538,4.0
18148,1.0
10805,5.0
16900,2.0
8279,4.0
15495,-0.0
1014,1.0
16854,4.0
413,4.0
22077,3.0
3046,4.0
664,5.0
22358,5.0
18055,2.0
8809,4.0
11018,5.0
11735,-0.0
13602,4.0
9421,4.0
17499,3.0
826,3.0
5062,0.0
18204,1.0
76,1.0
8815,5.0
2980,2.0
3329,3.0
18603,1.0
8085,5.0
16804,4.0
18928,5.0
13461,2.0
10063,5.0
17992,1.0
14760,1.0
14869,1.0
5606,5.0
7996,5.0
25,4.0
2619,5.0
10246,3.0
12248,2.0
7775,5.0
19590,3.0
4571,4.0
3620,0.0
331,1.0
9975,2.0
12002,2.0
17258,1.0
21387,1.0
19499,5.0
21123,1.0
6848,2.0
11460,0.0
13674,5.0
10983,4.0
4920,4.0
2021,5.0
103,0.0
16246,5.0
18834,3.0
13221,-0.0
11269,0.0
17216,3.0
8697,2.0
9357,0.0
6708,5.0
1822,2.0
6137,1.0
21372,0.0
8033,-0.0
18379,3.0
9034,1.0
18350,0.0
11755,5.0
12128,0.0
19531,5.0
3207,2.0
17469,4.0
4782,3.0
17298,4.0
20742,2.0
17871,4.0
16789,5.0
8888,3.0
8161,5.0
2551,1.0
17433,1.0
10907,5.0
5509,-0.0
2652,3.0
21279,0.0
13760,5.0
15845,4.0
10275,5.0
11487,4.0
8712,4.0
16239,4.0
14407,-0.0
12905,1.0
9428,4.0
20357,0.0
7903,-0.0
7013,3.0
15585,0.0
11046,4.0
12912,1.0
14287,4.0
10772,3.0
11221,2.0
4534,5.0
5876,5.0
13139,2.0
3885,0.0
17024,5.0
17787,2.0
15200,4.0
17813,1.0
21032,0.0
11954,-0.0
7697,4.0
11207,2.0
13267,3.0
8092,1.0
19844,4.0
2107,4.0
10194,5.0
17645,2.0
6935,2.0
14153,2.0
11202,2.0
15531,3.0
16475,0.0
258,0.0
7911,5.0
3680,2.0
2321,3.0
21467,1.0
8361,3.0
3489,0.0
18615,1.0
6192,4.0
8626,2.0
7507,2.0
4678,4.0
19547,4.0
17545,2.0
10241,3.0
14668,2.0
7967,3.0
19322,4.0
17259,4.0
6411,3.0
90,1.0
3218,3.0
18773,4.0
19034,5.0
13894,4.0
224,1.0
5032,2.0
12343,2.0
11395,5.0
3256,3.0
21291,3.0
1928,4.0
12702,1.0
4271,3.0
12613,3.0
5950,-0.0
14092,5.0
12027,0.0
18075,5.0
1512,0.0
15308,1.0
1251,3.0
12749,3.0
5322,2.0
17451,3.0
3419,2.0
10296,1.0
1046,5.0
9139,0.0
457,3.0
20406,1.0
819,4.0
7499,2.0
8040,1.0
12272,1.0
806,2.0
10788,4.0
13742,5.0
2788,0.0
3827,2.0
3673,-0.0
17055,2.0
18790,5.0
11360,2.0
22216,1.0
5310,4.0
13021,5.0
9628,2.0
15137,0.0
13271,-0.0
13468,5.0
20746,1.0
16120,2.0
193,1.0
7914,2.0
13692,3.0
9601,0.0
17467,1.0
22348,3.0
12037,3.0
8649,0.0
15271,2.0
1276,2.0
15012,2.0
4144,0.0
6495,-0.0
4428,-0.0
6379,3.0
15858,3.0
11242,1.0
19851,2.0
22168,5.0
20186,4.0
15208,4.0
10533,2.0
5542,-0.0
21903,5.0
4194,-0.0
2587,5.0
9504,2.0
11869,2.0
12998,3.0
20599,1.0
16449,0.0
2152,3.0
21616,4.0
13868,2.0
20902,4.0
2341,4.0
9305,0.0
1774,-0.0
11153,1.0
21202,4.0
5590,5.0
20568,4.0
7582,1.0
7669,4.0
5007,-0.0
15337,2.0
17782,3.0
11174,5.0
9042,1.0
11362,1.0
14074,3.0
18639,1.0
11436,2.0
15518,2.0
1123,1.0
20233,1.0
9215,3.0
17205,2.0
18464,2.0
10780,5.0
9445,1.0
16932,1.0
1865,0.0
1994,-0.0
7572,5.0
5597,1.0
15482,3.0
21779,3.0
8592,4.0
2895,5.0
17189,1.0
20104,4.0
6930,2.0
3225,5.0
502,3.0
7432,3.0
3528,-0.0
2360,3.0
12772,5.0
3477,2.0
4547,5.0
22309,1.0
13853,5.0
19444,1.0
16615,4.0
941,3.0
10923,5.0
11006,2.0
14522,2.0
7471,3.0
3405,5.0
1238,1.0
14660,1.0
2755,4.0
12471,2.0
21870,4.0
19246,4.0
9124,3.0
21987,4.0
16482,3.0
975,1.0
12282,0.0
18769,3.0
2272,3.0
10047,4.0
14798,3.0
18383,1.0
19828,2.0
8682,2.0
18326,0.0
1783,0.0
8357,4.0
16666,2.0
12198,2.0
15161,3.0
17920,0.0
13751,5.0
17158,0.0
4098,1.0
8190,2.0
4235,-0.0
14327,3.0
14545,1.0
9138,2.0
21872,3.0
793,1.0
13875,5.0
7434,3.0
12721,4.0
2678,5.0
17664,0.0
12410,-0.0
4318,2.0
13953,2.0
7094,2.0
16202,4.0
778,3.0
6320,-0.0
18705,-0.0
7644,4.0
1060,2.0
15293,4.0
5961,5.0
1309,3.0
5834,4.0
15533,3.0
6874,2.0
18805,2.0
17683,2.0
15419,5.0
10927,1.0
7862,-0.0
18287,2.0
5264,4.0
4566,4.0
8784,3.0
2684,4.0
13156,3.0
16223,3.0
18544,1.0
5716,-0.0
11625,1.0
4410,-0.0
15427,2.0
5146,5.0
14622,1.0
16135,3.0
5871,4.0
1500,2.0
2553,3.0
1320,2.0
21151,0.0
6636,0.0
5878,4.0
16530,4.0
11828,0.0
10939,5.0
14027,5.0
7820,3.0
5729,5.0
1163,0.0
8130,3.0
21167,3.0
10256,3.0
10785,4.0
20133,1.0
10412,1.0
642,4.0
2514,3.0
21119,3.0
19334,3.0
12384,2.0
14735,2.0
9166,-0.0
12159,2.0
11040,2.0
3266,4.0
3901,2.0
6022,-0.0
8780,0.0
17093,1.0
15699,2.0
7197,3.0
12703,3.0
9291,2.0
8360,5.0
8850,1.0
2717,1.0
14781,0.0
16426,3.0
22228,5.0
19852,5.0
19386,5.0
8505,0.0
17754,0.0
14249,2.0
14713,2.0
650,3.0
1339,4.0
15353,0.0
4518,0.0
9364,4.0
19282,2.0
2023,5.0
7786,1.0
16833,3.0
4020,1.0
14920,0.0
13174,5.0
8324,3.0
13253,4.0
102,2.0
7833,4.0
18589,2.0
9669,0.0
16161,3.0
17214,2.0
1810,2.0
2633,5.0
9020,3.0
7729,-0.0
17354,2.0
13193,3.0
20145,3.0
3638,3.0
7079,4.0
356,4.0
13456,0.0
5778,0.0
2511,3.0
17584,5.0
22135,3.0
11602,3.0
11762,3.0
21715,-0.0
10413,1.0
3542,2.0
3539,1.0
710,2.0
11560,4.0
13740,2.0
19728,1.0
20559,2.0
21623,5.0
9537,3.0
9502,-0.0
11041,5.0
1390,1.0
18108,2.0
4197,3.0
1067,2.0
6775,1.0
21397,2.0
19104,3.0
7316,0.0
14282,1.0
12325,1.0
17118,4.0
1419,2.0
14932,0.0
13877,5.0
19657,5.0
13914,4.0
8367,0.0
6340,0.0
15454,0.0
15473,-0.0
2006,3.0
524,3.0
156,0.0
13835,3.0
8833,4.0
17286,4.0
3443,1.0
6840,1.0
16068,3.0
3530,-0.0
17418,4.0
17512,2.0
22164,4.0
603,2.0
5344,2.0
21744,2.0
21999,5.0
605,4.0
3918,1.0
10509,4.0
14337,4.0
1308,1.0
17694,2.0
12828,1.0
12979,-0.0
14672,0.0
18821,4.0
8200,5.0
11331,2.0
12320,1.0
5945,5.0
13782,5.0
17115,1.0
21821,4.0
19652,5.0
11582,1.0
21771,3.0
13342,3.0
1174,1.0
8112,3.0
6841,2.0
18507,3.0
5193,3.0
11531,3.0
17505,2.0
12182,4.0
17904,0.0
18518,1.0
15630,3.0
19779,4.0
20314,2.0
8739,0.0
15781,4.0
5005,2.0
21031,1.0
3956,3.0
825,1.0
14439,3.0
11146,1.0
6963,3.0
5744,-0.0
16968,2.0
1240,0.0
20720,2.0
16778,5.0
20813,5.0
766,1.0
17689,3.0
6306,3.0
2449,2.0
21930,1.0
15671,3.0
17255,1.0
18365,2.0
15090,0.0
5120,5.0
3652,4.0
6439,1.0
6091,-0.0
5111,2.0
140,1.0
9045,2.0
16724,5.0
8967,1.0
10585,5.0
12145,3.0
3009,4.0
19319,4.0
10734,5.0
9615,4.0
2416,4.0
12670,-0.0
16250,5.0
10763,2.0
7540,4.0
4156,3.0
1868,0.0
5882,3.0
11278,0.0
10234,1.0
1836,3.0
2206,0.0
7958,4.0
7692,2.0
15779,-0.0
11853,2.0
18002,4.0
21940,4.0
5465,2.0
12616,4.0
22223,5.0
13242,3.0
3242,3.0
16232,3.0
137,1.0
1506,-0.0
8363,4.0
10159,4.0
21924,3.0
13812,5.0
6434,3.0
16901,1.0
15477,3.0
19130,4.0
13936,1.0
10991,5.0
19404,5.0
16847,2.0
21780,5.0
19121,3.0
1148,3.0
2151,4.0
5041,3.0
807,3.0
14414,1.0
1507,3.0
20501,4.0
783,0.0
13532,5.0
1883,5.0
9449,0.0
12817,3.0
13833,0.0
22327,1.0
22295,1.0
2992,4.0
19484,4.0
14280,3.0
2318,5.0
11444,2.0
4438,1.0
1049,5.0
14111,2.0
16098,3.0
5071,3.0
2730,1.0
8869,3.0
3248,1.0
4917,3.0
21832,2.0
15955,1.0
21680,5.0
8580,3.0
7041,3.0
1932,3.0
11507,1.0
1723,2.0
12291,1.0
8704,5.0
6141,2.0
13066,0.0
16625,5.0
11986,0.0
10984,5.0
9605,-0.0
10039,4.0
6992,1.0
17977,3.0
19584,3.0
17443,1.0
1850,3.0
3343,3.0
12820,5.0
11657,3.0
3007,4.0
2364,1.0
15285,0.0
4619,-0.0
3487,1.0
13061,4.0
703,1.0
12751,4.0
1186,3.0
19063,5.0
1738,3.0
18064,1.0
8737,2.0
19284,5.0
19826,5.0
6863,2.0
15444,3.0
18142,1.0
19128,5.0
9814,1.0
20831,3.0
8620,4.0
9341,0.0
15772,1.0
10348,-0.0
147,1.0
9909,4.0
13995,5.0
16907,3.0
4429,3.0
22086,2.0
10646,2.0
15840,1.0
21965,5.0
9037,2.0
2836,3.0
11296,1.0
11471,2.0
779,1.0
1830,1.0
11434,3.0
4145,0.0
22153,2.0
751,0.0
8604,4.0
7792,1.0
11359,1.0
16463,3.0
10145,3.0
4245,2.0
16388,2.0
8196,4.0
7553,2.0
7671,2.0
7368,2.0
18330,0.0
16414,5.0
17858,4.0
22022,2.0
681,-0.0
763,3.0
4171,4.0
10630,4.0
7440,4.0
16044,3.0
11465,2.0
17734,2.0
3935,0.0
18520,2.0
8415,5.0
12628,1.0
19560,5.0
2193,1.0
21359,3.0
15717,5.0
958,2.0
7170,2.0
7765,3.0
16562,2.0
16857,0.0
10157,4.0
17748,2.0
11183,4.0
3138,3.0
7147,0.0
14561,2.0
17656,4.0
21933,2.0
19923,1.0
17685,4.0
16329,2.0
12243,2.0
5751,1.0
21388,3.0
15063,0.0
6028,5.0
261,2.0
6549,3.0
20872,2.0
12746,4.0
17742,2.0
13580,5.0
18023,1.0
10972,1.0
9393,2.0
7132,4.0
10728,5.0
21331,5.0
12192,1.0
11148,3.0
16324,4.0
3802,1.0
19403,5.0
6346,1.0
21179,1.0
11155,3.0
14210,5.0
20706,3.0
11400,-0.0
13708,1.0
11946,2.0
3473,2.0
19067,2.0
21849,3.0
17156,0.0
7301,2.0
3829,1.0
14926,4.0
18986,2.0
6510,3.0
1044,4.0
13903,4.0
17730,1.0
18354,-0.0
5947,0.0
19689,1.0
493,4.0
3693,0.0
12711,4.0
10284,3.0
13210,5.0
17044,3.0
16410,1.0
4537,4.0
7764,-0.0
6649,2.0
17700,1.0
2148,3.0
5156,4.0
4458,2.0
18475,2.0
7278,0.0
19550,2.0
4502,2.0
10371,4.0
15484,1.0
13982,-0.0
1064,5.0
1524,2.0
22018,2.0
19272,3.0
1248,5.0
11539,2.0
21196,3.0
11087,0.0
1088,3.0
17303,0.0
18592,1.0
18977,4.0
17004,3.0
15527,3.0
5472,3.0
11947,-0.0
8656,5.0
20313,1.0
16520,5.0
609,4.0
6395,4.0
7726,3.0
3789,1.0
16861,3.0
235,1.0
7934,3.0
422,0.0
3396,2.0
5954,1.0
6568,2.0
12402,0.0
3624,1.0
1045,2.0
3732,4.0
6952,5.0
16176,3.0
14746,0.0
7545,3.0
41,2.0
10068,3.0
14042,3.0
3608,5.0
11494,1.0
14351,0.0
19408,2.0
15757,3.0
18386,1.0
516,4.0
20450,0.0
4613,2.0
2432,4.0
16065,4.0
15324,1.0
21554,5.0
17970,1.0
21143,4.0
11164,3.0
6621,3.0
19160,2.0
22024,4.0
213,4.0
16745,5.0
11383,3.0
18038,0.0
20375,2.0
2467,3.0
18542,4.0
15026,4.0
6671,1.0
7559,2.0
2240,3.0
35,5.0
16802,2.0
4992,0.0
21323,3.0
14976,1.0
11756,0.0
4866,1.0
9990,4.0
22258,-0.0
1388,-0.0
80,0.0
10434,1.0
6712,0.0
9607,1.0
17807,3.0
10904,5.0
8046,3.0
466,3.0
16020,3.0
17571,5.0
2212,2.0
6062,2.0
14827,-0.0
11606,1.0
7168,2.0
20923,3.0
11032,5.0
20841,1.0
11528,-0.0
13230,2.0
4625,3.0
19577,5.0
7531,5.0
11117,5.0
618,3.0
6729,2.0
2055,0.0
8955,1.0
14558,3.0
12878,5.0
4332,0.0
8770,4.0
3041,3.0
19658,1.0
7492,4.0
7205,3.0
3954,-0.0
1358,0.0
2793,3.0
865,1.0
